Rank,RMSE,Length,Model Equation
1,0.3742,38,"sub(div(add(mul(mul(sub(E, La), sub(Nd, 4.685)), sub(Gd, 5.115)), add(mul(sub(LAS, La), sub(Nd, IE)), div(div(div(Nd, La), sub(R, La)), La))), La), sub(div(LAS, E), neg(-7.230)))"
2,0.3742,38,"sub(div(add(mul(mul(sub(E, La), sub(Nd, 4.685)), sub(Gd, 5.115)), add(mul(sub(LAS, La), sub(Nd, IE)), div(div(div(Nd, La), sub(R, La)), La))), La), sub(div(LAS, E), neg(-7.230)))"
3,0.3742,38,"sub(div(add(mul(mul(sub(E, La), sub(Nd, 4.685)), sub(Gd, 5.115)), add(mul(sub(LAS, La), sub(Nd, IE)), div(div(div(Nd, La), sub(R, La)), La))), La), sub(div(LAS, E), neg(-7.230)))"
4,0.3742,38,"sub(div(add(mul(mul(sub(E, La), sub(Nd, 4.685)), sub(Gd, 5.115)), add(mul(sub(LAS, La), sub(Nd, IE)), div(div(div(Nd, La), sub(R, La)), La))), La), sub(div(LAS, E), neg(-7.230)))"
5,0.3751,38,"sub(div(add(mul(mul(sub(E, La), sub(Nd, 4.685)), sub(Gd, 5.115)), add(mul(sub(LAS, La), sub(Nd, IE)), div(div(div(Nd, La), sub(R, La)), R))), La), sub(div(LAS, E), neg(-7.230)))"
6,0.4791,23,"div(add(Ce, add(M, add(E, div(sub(sub(6.759, EN), div(R, E)), sub(sub(Sm, Nd), sub(EN, Sm)))))), 3.055)"
7,0.5392,26,"sub(sub(EN, div(neg(sub(R, sub(Pr, sub(R, sub(Pr, La))))), LAS)), div(div(sub(Y, Sm), sub(Sm, Ce)), sub(Nd, La)))"
8,0.5392,26,"sub(sub(EN, div(neg(sub(R, sub(Pr, sub(R, sub(Pr, La))))), LAS)), div(div(sub(Y, Sm), sub(Sm, Ce)), sub(Nd, La)))"
9,0.5424,37,"div(mul(Y, M), add(add(add(IE, div(div(Nd, sub(Y, La)), mul(mul(neg(Gd), div(La, Nd)), div(La, Nd)))), div(div(M, sub(R, La)), mul(neg(Y), mul(Y, LAS)))), -0.089))"
10,0.5424,21,"mul(0.482, add(M, add(E, mul(neg(div(div(neg(Nd), sub(EN, Sm)), mul(-3.992, IE))), sub(R, EN)))))"
11,0.5424,21,"mul(0.482, add(M, add(E, mul(neg(div(div(neg(Nd), sub(EN, Sm)), mul(-3.992, IE))), sub(R, EN)))))"
12,0.5437,37,"div(mul(Y, M), add(add(add(IE, div(div(Nd, sub(Y, La)), mul(mul(neg(Gd), div(La, Nd)), div(La, Nd)))), div(div(M, sub(R, La)), mul(neg(Y), mul(Y, IE)))), -0.089))"
13,0.5437,37,"div(mul(Y, M), add(add(add(IE, div(div(Nd, sub(Y, La)), mul(mul(neg(Gd), div(La, Nd)), div(La, Nd)))), div(div(M, sub(R, La)), mul(neg(Y), mul(Y, IE)))), -0.089))"
14,0.5485,21,"sub(sub(EN, div(sub(sub(Pr, R), R), IE)), div(div(sub(Y, Sm), sub(Sm, Ce)), sub(Nd, La)))"
15,0.5486,35,"div(mul(Y, M), add(add(add(IE, div(div(Nd, sub(Y, La)), mul(mul(neg(M), div(M, Nd)), div(M, Nd)))), div(div(div(-1.196, Y), sub(La, R)), neg(Y))), -0.089))"
16,0.5486,35,"div(mul(Y, M), add(add(add(IE, div(div(Nd, sub(Y, La)), mul(mul(neg(M), div(M, Nd)), div(M, Nd)))), div(div(div(-1.196, Y), sub(La, R)), neg(Y))), -0.089))"
17,0.5517,41,"mul(0.482, add(add(M, div(div(mul(0.482, add(add(M, div(div(Nd, sub(5.958, mul(La, div(sub(EN, R), sub(Nd, Gd))))), Pr)), E)), sub(5.958, mul(La, div(sub(EN, R), sub(Nd, Pr))))), La)), E))"
18,0.5634,22,"sub(sub(EN, div(neg(sub(R, sub(Pr, La))), LAS)), div(div(sub(Y, Sm), sub(Sm, Ce)), sub(Nd, La)))"
19,0.5634,22,"sub(sub(EN, div(neg(sub(R, sub(Pr, La))), LAS)), div(div(sub(Y, Sm), sub(Sm, Ce)), sub(Nd, La)))"
20,0.5802,21,"mul(0.482, add(add(M, div(div(Nd, sub(5.958, mul(La, div(sub(EN, R), sub(Nd, Gd))))), Pr)), E))"
21,0.5911,23,"add(add(EN, div(add(sub(Gd, 1.981), neg(R)), sub(3.513, E))), div(div(sub(IE, Sm), neg(E)), sub(EN, Sm)))"
22,0.5929,33,"div(add(7.601, add(add(sub(M, Gd), div(add(7.601, add(add(div(sub(EN, Nd), sub(R, Ce)), add(div(sub(EN, Nd), sub(R, Y)), E)), Ce)), 3.055)), EN)), 3.055)"
23,0.6089,33,"div(add(7.601, add(add(sub(M, Gd), div(add(7.601, add(add(div(sub(EN, Nd), sub(R, Ce)), add(div(sub(EN, Nd), sub(R, Ce)), Ce)), Ce)), 3.055)), EN)), 3.055)"
24,0.6123,33,"div(add(7.601, add(add(sub(M, Gd), div(add(7.601, add(add(div(sub(EN, Nd), sub(R, Ce)), add(div(sub(EN, Nd), sub(R, Ce)), E)), R)), 3.055)), EN)), 3.055)"
25,0.6437,19,"add(add(EN, div(sub(EN, R), mul(E, sub(4.966, Nd)))), div(sub(add(Pr, -1.646), EN), -3.185))"
26,0.6525,47,"sub(div(add(sub(Nd, La), add(sub(sub(div(add(sub(Nd, La), add(sub(EN, Y), div(sub(M, R), sub(E, Y)))), La), sub(div(Y, E), neg(-7.230))), Y), div(sub(M, R), sub(E, Y)))), La), sub(div(Y, E), neg(-7.230)))"
27,0.6635,16,"sub(sub(EN, add(neg(1.804), div(IE, R))), div(sub(6.509, E), sub(Nd, La)))"
28,0.6635,16,"sub(sub(EN, add(neg(1.804), div(IE, R))), div(sub(6.509, E), sub(Nd, La)))"
29,0.6734,16,"sub(sub(EN, add(neg(1.708), div(LAS, R))), div(sub(6.443, E), sub(Nd, La)))"
30,0.6734,16,"sub(sub(EN, add(neg(1.708), div(LAS, R))), div(sub(6.443, E), sub(Nd, La)))"
31,0.6950,17,"mul(0.482, add(M, sub(sub(sub(E, div(add(EN, -4.024), sub(La, Nd))), -0.395), -0.395)))"
32,0.6964,15,"mul(0.482, add(M, sub(sub(sub(E, div(1.513, sub(La, Nd))), -0.395), -0.395)))"
33,0.6978,22,"add(EN, div(add(Sm, sub(add(IE, sub(div(M, neg(Y)), La)), E)), sub(div(M, sub(Gd, Nd)), E)))"
34,0.7169,21,"add(add(EN, mul(Nd, -0.083)), div(sub(add(EN, div(sub(-6.856, R), add(Ce, 8.873))), R), sub(Nd, Gd)))"
35,0.7184,17,"add(EN, div(add(mul(EN, div(Sm, E)), neg(M)), add(sub(8.620, Nd), neg(Nd))))"
36,0.7191,17,"mul(0.482, add(M, add(add(E, div(sub(E, Sm), sub(EN, La))), div(EN, Pr))))"
37,0.7191,17,"mul(0.482, add(M, add(add(E, div(sub(E, Sm), sub(EN, La))), div(EN, Gd))))"
38,0.7191,17,"mul(0.482, add(M, add(add(E, div(sub(E, Sm), sub(EN, La))), div(EN, Gd))))"
39,0.7191,17,"mul(0.482, add(M, add(add(E, div(sub(E, Sm), sub(EN, La))), div(EN, Pr))))"
40,0.7232,29,"mul(0.482, add(add(div(div(mul(EN, add(div(mul(Nd, add(div(mul(Nd, E), La), sub(E, IE))), La), sub(E, IE))), La), La), EN), R))"
41,0.7265,37,"add(EN, div(div(mul(Gd, M), sub(Nd, 1.457)), div(mul(mul(Nd, sub(Nd, 4.654)), Nd), div(div(mul(Gd, M), sub(Nd, 1.457)), div(mul(mul(Nd, sub(Nd, 4.654)), Nd), sub(La, LAS))))))"
42,0.7265,37,"add(EN, div(div(mul(Gd, M), sub(Nd, 1.457)), div(mul(mul(Nd, sub(Nd, 4.654)), Nd), div(div(mul(Gd, M), sub(Nd, 1.457)), div(mul(mul(Nd, sub(Nd, 4.654)), Nd), sub(La, LAS))))))"
43,0.7266,21,"mul(0.482, add(M, sub(E, mul(mul(mul(sub(La, E), div(Y, Ce)), div(Y, Ce)), sub(M, La)))))"
44,0.7294,20,"add(add(EN, div(sub(EN, M), neg(add(sub(Nd, 8.921), Nd)))), div(sub(6.294, E), sub(Sm, 8.921)))"
45,0.7309,20,"add(add(EN, div(add(sub(Gd, 2.109), neg(R)), sub(3.419, E))), div(sub(IE, La), sub(2.109, Nd)))"
46,0.7309,20,"add(add(EN, div(add(sub(Gd, 2.109), neg(R)), sub(3.419, E))), div(sub(IE, La), sub(2.109, Nd)))"
47,0.7323,15,"mul(0.482, add(M, add(add(E, div(sub(E, Sm), sub(EN, La))), 0.482)))"
48,0.7323,15,"mul(0.482, add(M, add(add(E, div(sub(E, Sm), sub(EN, La))), 0.482)))"
49,0.7361,17,"mul(0.482, add(M, add(mul(0.482, add(EN, R)), mul(sub(La, E), sub(La, Gd)))))"
50,0.7366,21,"add(EN, div(add(mul(sub(Gd, Nd), Sm), mul(sub(Gd, Nd), Sm)), div(mul(Nd, Nd), sub(La, LAS))))"
51,0.7419,14,"sub(div(sub(IE, EN), add(EN, -7.938)), sub(div(Pr, E), neg(-7.445)))"
52,0.7419,14,"sub(div(sub(IE, EN), add(EN, -7.938)), sub(div(Pr, E), neg(-7.445)))"
53,0.7426,16,"mul(0.482, add(M, sub(E, div(div(neg(mul(2.161, Nd)), sub(Pr, La)), IE))))"
54,0.7426,16,"mul(0.482, add(M, sub(E, div(div(neg(mul(2.161, Nd)), sub(Pr, La)), IE))))"
55,0.7478,26,"add(EN, div(add(EN, neg(add(EN, div(add(EN, neg(sub(add(neg(-7.230), Nd), IE))), neg(add(Nd, -3.913)))))), neg(add(Nd, -3.913))))"
56,0.7556,14,"add(EN, div(add(sub(IE, div(R, Sm)), neg(La)), sub(3.278, Nd)))"
57,0.7561,13,"add(EN, div(sub(sub(IE, div(R, Sm)), La), sub(3.261, Nd)))"
58,0.7575,14,"add(EN, div(add(IE, add(neg(E), sub(EN, Pr))), add(Gd, -8.763)))"
59,0.7575,14,"add(EN, div(add(IE, add(neg(E), sub(EN, Pr))), add(Gd, -8.763)))"
60,0.7575,16,"add(EN, div(sub(neg(add(M, E)), neg(add(EN, Sm))), neg(add(Nd, -3.349))))"
61,0.7578,16,"add(EN, div(add(sub(-1.743, sub(R, add(IE, EN))), neg(E)), sub(1.945, E)))"
62,0.7586,21,"div(add(E, Gd), add(div(E, div(add(EN, Pr), add(div(IE, E), div(E, EN)))), div(IE, E)))"
63,0.7586,21,"div(add(E, Gd), add(div(E, div(add(EN, Pr), add(div(IE, E), div(E, EN)))), div(IE, E)))"
64,0.7586,21,"div(add(E, Gd), add(div(E, div(add(EN, Pr), add(div(IE, E), div(E, EN)))), div(IE, E)))"
65,0.7601,17,"div(mul(Y, M), sub(sub(add(IE, div(div(E, sub(Pr, La)), -5.367)), -0.091), -0.091))"
66,0.7602,25,"add(EN, div(add(IE, add(add(add(neg(R), sub(EN, E)), sub(LAS, La)), sub(3.907, Nd))), add(neg(R), sub(EN, E))))"
67,0.7608,23,"sub(div(add(sub(E, La), sub(Nd, Y)), sub(La, add(sub(E, La), sub(Nd, Y)))), sub(div(Y, E), 7.258))"
68,0.7610,14,"mul(0.482, add(M, add(E, neg(mul(sub(E, Ce), sub(R, EN))))))"
69,0.7626,11,"add(div(sub(La, LAS), sub(Nd, 3.381)), add(EN, 0.274))"
70,0.7632,17,"mul(0.482, add(sub(mul(div(Nd, IE), mul(div(Nd, IE), sub(M, La))), -6.212), E))"
71,0.7637,17,"add(EN, div(sub(sub(add(add(R, E), R), 4.919), add(Y, EN)), add(E, -1.172)))"
72,0.7638,24,"sub(div(add(add(sub(E, La), add(sub(E, La), sub(EN, Y))), sub(Nd, Y)), La), sub(div(LAS, E), neg(-7.230)))"
73,0.7640,13,"sub(sub(EN, div(La, -4.682)), div(Y, add(R, sub(E, Sm))))"
74,0.7640,13,"sub(sub(EN, div(La, -4.682)), div(Y, add(R, sub(E, Sm))))"
75,0.7640,13,"sub(sub(EN, div(La, -4.682)), div(Y, add(R, sub(E, Sm))))"
76,0.7640,13,"sub(sub(EN, div(La, -4.682)), div(Y, add(R, sub(E, Sm))))"
77,0.7640,13,"sub(sub(EN, div(La, -4.682)), div(Y, add(R, sub(E, Sm))))"
78,0.7640,13,"sub(sub(EN, div(La, -4.682)), div(Y, add(R, sub(E, Sm))))"
79,0.7640,13,"sub(sub(EN, div(La, -4.682)), div(Y, add(R, sub(E, Sm))))"
80,0.7648,14,"add(EN, div(add(IE, div(neg(E), div(EN, Pr))), add(Gd, -8.763)))"
81,0.7672,11,"div(add(E, Pr), add(div(E, EN), div(IE, E)))"
82,0.7672,11,"div(add(E, Gd), add(div(E, EN), div(IE, E)))"
83,0.7672,11,"div(add(E, Gd), add(div(IE, E), div(E, EN)))"
84,0.7672,11,"div(add(E, Gd), add(div(E, EN), div(IE, E)))"
85,0.7672,11,"div(add(Pr, E), add(div(E, EN), div(IE, E)))"
86,0.7672,11,"div(add(Gd, E), add(div(E, EN), div(IE, E)))"
87,0.7672,11,"div(add(E, Gd), add(div(E, EN), div(IE, E)))"
88,0.7672,11,"div(add(Gd, E), add(div(E, EN), div(IE, E)))"
89,0.7672,11,"div(add(E, Gd), add(div(E, EN), div(IE, E)))"
90,0.7672,11,"div(add(Pr, E), add(div(E, EN), div(IE, E)))"
91,0.7672,11,"div(add(E, Gd), add(div(IE, E), div(E, EN)))"
92,0.7672,11,"div(add(Gd, E), add(div(E, EN), div(IE, E)))"
93,0.7672,11,"div(add(Gd, E), add(div(E, EN), div(IE, E)))"
94,0.7672,11,"div(add(Gd, E), add(div(E, EN), div(IE, E)))"
95,0.7672,11,"div(add(E, Pr), add(div(E, EN), div(IE, E)))"
96,0.7672,11,"div(add(E, Gd), add(div(IE, E), div(E, EN)))"
97,0.7672,11,"div(add(Pr, E), add(div(E, EN), div(IE, E)))"
98,0.7672,11,"div(add(E, Gd), add(div(E, EN), div(IE, E)))"
99,0.7672,11,"div(add(E, Gd), add(div(E, EN), div(IE, E)))"
100,0.7672,11,"div(add(E, Gd), add(div(E, EN), div(IE, E)))"
101,0.7672,11,"div(add(E, Gd), add(div(IE, E), div(E, EN)))"
102,0.7672,11,"div(add(E, Gd), add(div(IE, E), div(E, EN)))"
103,0.7672,11,"div(add(Pr, E), add(div(E, EN), div(IE, E)))"
104,0.7672,11,"div(add(Gd, E), add(div(E, EN), div(IE, E)))"
105,0.7672,11,"div(add(E, Gd), add(div(E, EN), div(IE, E)))"
106,0.7672,11,"div(add(Gd, E), add(div(E, EN), div(IE, E)))"
107,0.7672,11,"div(add(Pr, E), add(div(E, EN), div(IE, E)))"
108,0.7672,11,"div(add(E, Gd), add(div(E, EN), div(IE, E)))"
109,0.7672,11,"div(add(E, Gd), add(div(E, EN), div(IE, E)))"
110,0.7672,11,"div(add(E, Gd), add(div(E, EN), div(IE, E)))"
111,0.7672,11,"div(add(E, Gd), add(div(E, EN), div(IE, E)))"
112,0.7672,11,"div(add(E, Gd), add(div(E, EN), div(IE, E)))"
113,0.7672,11,"div(add(E, Gd), add(div(E, EN), div(IE, E)))"
114,0.7672,11,"div(add(E, Gd), add(div(E, EN), div(IE, E)))"
115,0.7672,11,"div(add(E, Gd), add(div(E, EN), div(IE, E)))"
116,0.7672,11,"div(add(E, Gd), add(div(E, EN), div(IE, E)))"
117,0.7672,11,"div(add(E, Gd), add(div(E, EN), div(IE, E)))"
118,0.7672,11,"div(add(E, Gd), add(div(E, EN), div(IE, E)))"
119,0.7672,11,"div(add(E, Gd), add(div(IE, E), div(E, EN)))"
120,0.7672,11,"div(add(E, Gd), add(div(E, EN), div(IE, E)))"
121,0.7672,11,"div(add(E, Gd), add(div(E, EN), div(IE, E)))"
122,0.7672,11,"div(add(E, Pr), add(div(E, EN), div(IE, E)))"
123,0.7672,11,"div(add(E, Gd), add(div(E, EN), div(IE, E)))"
124,0.7672,11,"div(add(E, Gd), add(div(E, EN), div(IE, E)))"
125,0.7672,11,"div(add(Gd, E), add(div(E, EN), div(IE, E)))"
126,0.7672,11,"div(add(Pr, E), add(div(E, EN), div(IE, E)))"
127,0.7672,11,"div(add(E, Gd), add(div(IE, E), div(E, EN)))"
128,0.7672,11,"div(add(E, Gd), add(div(E, EN), div(IE, E)))"
129,0.7672,11,"div(add(E, Gd), add(div(E, EN), div(IE, E)))"
130,0.7672,11,"div(add(E, Gd), add(div(E, EN), div(IE, E)))"
131,0.7672,11,"div(add(E, Gd), add(div(E, EN), div(IE, E)))"
132,0.7672,11,"div(add(E, Gd), add(div(E, EN), div(IE, E)))"
133,0.7672,11,"div(add(Pr, E), add(div(E, EN), div(IE, E)))"
134,0.7672,11,"div(add(Pr, E), add(div(E, EN), div(IE, E)))"
135,0.7672,11,"div(add(E, Gd), add(div(E, EN), div(IE, E)))"
136,0.7672,11,"div(add(E, Gd), add(div(E, EN), div(IE, E)))"
137,0.7672,11,"div(add(E, Gd), add(div(E, EN), div(IE, E)))"
138,0.7672,11,"div(add(E, Gd), add(div(IE, E), div(E, EN)))"
139,0.7672,11,"div(add(E, Gd), add(div(IE, E), div(E, EN)))"
140,0.7672,11,"div(add(E, Gd), add(div(IE, E), div(E, EN)))"
141,0.7672,11,"div(add(Gd, E), add(div(E, EN), div(IE, E)))"
142,0.7672,11,"div(add(Pr, E), add(div(E, EN), div(IE, E)))"
143,0.7672,11,"div(add(E, Gd), add(div(E, EN), div(IE, E)))"
144,0.7672,11,"div(add(E, Gd), add(div(E, EN), div(IE, E)))"
145,0.7672,11,"div(add(Pr, E), add(div(E, EN), div(IE, E)))"
146,0.7672,11,"div(add(Pr, E), add(div(E, EN), div(IE, E)))"
147,0.7672,11,"div(add(Gd, E), add(div(E, EN), div(IE, E)))"
148,0.7672,11,"div(add(Pr, E), add(div(E, EN), div(IE, E)))"
149,0.7677,14,"add(EN, div(add(div(LAS, div(E, EN)), neg(M)), sub(2.451, E)))"
150,0.7693,11,"div(add(Gd, E), add(div(Nd, EN), div(IE, Nd)))"
151,0.7693,11,"div(add(Gd, E), add(div(Nd, EN), div(IE, Nd)))"
152,0.7693,11,"div(add(Pr, E), add(div(Nd, EN), div(IE, Nd)))"
153,0.7693,11,"div(add(Pr, E), add(div(Nd, EN), div(IE, Nd)))"
154,0.7693,11,"div(add(Gd, E), add(div(Nd, EN), div(IE, Nd)))"
155,0.7693,11,"div(add(Gd, E), add(div(Nd, EN), div(IE, Nd)))"
156,0.7693,11,"div(add(Pr, E), add(div(Nd, EN), div(IE, Nd)))"
157,0.7693,11,"div(add(Pr, E), add(div(Nd, EN), div(IE, Nd)))"
158,0.7693,11,"div(add(Pr, E), add(div(Nd, EN), div(IE, Nd)))"
159,0.7693,11,"div(add(Gd, E), add(div(Nd, EN), div(IE, Nd)))"
160,0.7694,17,"add(EN, div(La, div(Nd, div(4.639, div(Nd, div(4.639, div(E, sub(R, 5.810))))))))"
161,0.7694,17,"add(EN, div(La, div(Nd, div(4.639, div(Nd, div(4.639, div(E, sub(R, 5.810))))))))"
162,0.7694,17,"add(EN, div(La, div(Nd, div(4.639, div(Nd, div(4.639, div(E, sub(R, 5.810))))))))"
163,0.7694,17,"add(EN, div(La, div(Nd, div(4.639, div(Nd, div(4.639, div(E, sub(R, 5.810))))))))"
164,0.7694,17,"add(EN, div(La, div(Nd, div(4.639, div(Nd, div(4.639, div(E, sub(R, 5.810))))))))"
165,0.7697,12,"div(add(M, sub(R, div(E, div(La, neg(EN))))), 3.008)"
166,0.7705,11,"div(add(Nd, Gd), add(div(Nd, EN), div(IE, E)))"
167,0.7705,11,"div(add(Nd, Pr), add(div(Nd, EN), div(IE, E)))"
168,0.7705,11,"div(add(Nd, Gd), add(div(Nd, EN), div(IE, E)))"
169,0.7705,11,"div(add(Nd, Pr), add(div(Nd, EN), div(IE, E)))"
170,0.7705,11,"div(add(Nd, Gd), add(div(Nd, EN), div(IE, E)))"
171,0.7705,11,"div(add(Nd, Pr), add(div(Nd, EN), div(IE, E)))"
172,0.7723,13,"mul(0.482, add(sub(M, div(add(-8.489, IE), sub(Pr, La))), E))"
173,0.7728,13,"mul(div(EN, add(div(LAS, sub(EN, add(Pr, Ce))), 6.540)), R)"
174,0.7729,13,"mul(0.482, add(add(M, div(div(Nd, sub(5.958, La)), IE)), E))"
175,0.7733,14,"div(mul(Y, M), add(IE, div(div(E, sub(Pr, La)), neg(M))))"
176,0.7744,16,"add(sub(div(La, EN), div(neg(sub(2.190, add(sub(IE, E), IE))), R)), EN)"
177,0.7748,11,"div(add(R, EN), add(div(R, Pr), div(IE, E)))"
178,0.7748,11,"div(add(R, EN), add(div(R, Gd), div(IE, E)))"
179,0.7748,11,"div(add(R, EN), add(div(IE, E), div(R, Gd)))"
180,0.7748,11,"div(add(R, EN), add(div(R, Pr), div(IE, E)))"
181,0.7748,11,"div(add(R, EN), add(div(R, Pr), div(IE, E)))"
182,0.7758,11,"div(add(La, EN), add(div(La, Gd), div(IE, E)))"
183,0.7758,11,"div(add(La, EN), add(div(La, Gd), div(IE, E)))"
184,0.7758,11,"div(add(La, EN), add(div(La, Gd), div(IE, E)))"
185,0.7758,11,"div(add(La, EN), add(div(La, Gd), div(IE, E)))"
186,0.7758,11,"div(add(La, EN), add(div(La, Pr), div(IE, E)))"
187,0.7758,11,"div(add(La, EN), add(div(La, Gd), div(IE, E)))"
188,0.7758,11,"div(add(La, EN), add(div(La, Pr), div(IE, E)))"
189,0.7764,25,"div(add(Sm, div(add(Sm, add(add(R, EN), -5.772)), sub(div(LAS, Nd), div(-5.647, IE)))), sub(div(LAS, Nd), div(-5.647, IE)))"
190,0.7768,17,"sub(sub(sub(sub(EN, div(neg(R), LAS)), div(IE, E)), div(neg(La), EN)), 0.685)"
191,0.7770,15,"mul(0.463, add(M, add(E, div(8.129, add(Ce, mul(7.731, sub(Gd, EN)))))))"
192,0.7773,11,"div(add(R, Pr), add(div(R, EN), div(IE, E)))"
193,0.7777,13,"mul(0.482, add(M, mul(div(add(6.389, Nd), add(La, La)), E)))"
194,0.7780,11,"div(add(div(mul(EN, E), La), add(M, R)), 3.055)"
195,0.7780,11,"div(add(M, add(R, div(mul(E, EN), La))), 3.055)"
196,0.7780,11,"div(add(M, add(R, div(mul(E, EN), La))), 3.055)"
197,0.7780,11,"div(add(M, add(R, div(mul(E, EN), La))), 3.055)"
198,0.7780,11,"div(add(R, add(M, mul(E, div(EN, La)))), 3.055)"
199,0.7780,11,"div(add(M, add(R, div(mul(E, EN), La))), 3.055)"
200,0.7788,11,"div(add(6.480, E), add(div(E, EN), div(Y, E)))"
201,0.7788,11,"div(add(6.480, E), add(div(E, EN), div(Y, E)))"
202,0.7788,11,"div(add(6.480, E), add(div(E, EN), div(Y, E)))"
203,0.7788,11,"div(add(6.480, E), add(div(E, EN), div(Y, E)))"
204,0.7788,11,"div(add(6.480, E), add(div(E, EN), div(Y, E)))"
205,0.7788,11,"div(add(6.480, E), add(div(E, EN), div(Y, E)))"
206,0.7793,14,"add(EN, div(add(IE, sub(neg(R), div(Y, M))), add(Gd, -8.763)))"
207,0.7793,14,"add(EN, div(add(IE, sub(neg(R), div(Y, M))), add(Gd, -8.763)))"
208,0.7793,14,"add(EN, div(add(IE, sub(neg(R), div(Y, M))), add(Gd, -8.763)))"
209,0.7793,14,"add(EN, div(add(IE, sub(neg(R), div(Y, M))), add(Gd, -8.763)))"
210,0.7793,14,"add(EN, div(add(IE, sub(neg(R), div(Y, M))), add(Gd, -8.763)))"
211,0.7793,14,"add(EN, div(add(IE, sub(neg(R), div(Y, M))), add(Gd, -8.763)))"
212,0.7796,11,"div(add(La, Gd), add(div(La, EN), div(IE, E)))"
213,0.7796,11,"div(add(La, Gd), add(div(La, EN), div(IE, E)))"
214,0.7796,11,"div(add(Gd, La), add(div(La, EN), div(IE, E)))"
215,0.7798,11,"div(add(6.350, E), add(div(Y, E), div(E, EN)))"
216,0.7798,17,"div(sub(add(R, sub(add(R, sub(add(La, mul(Nd, EN)), 3.540)), IE)), IE), Nd)"
217,0.7801,11,"div(add(Pr, EN), add(div(Sm, E), div(IE, Sm)))"
218,0.7801,11,"div(add(Gd, EN), add(div(Sm, E), div(IE, Sm)))"
219,0.7801,11,"div(add(EN, Gd), add(div(Sm, E), div(IE, Sm)))"
220,0.7801,11,"div(add(Pr, EN), add(div(Sm, E), div(IE, Sm)))"
221,0.7801,11,"div(add(Gd, EN), add(div(Sm, E), div(IE, Sm)))"
222,0.7801,11,"div(add(Pr, EN), add(div(Sm, E), div(IE, Sm)))"
223,0.7801,11,"div(add(Gd, EN), add(div(Sm, E), div(IE, Sm)))"
224,0.7801,11,"div(add(Pr, EN), add(div(Sm, E), div(IE, Sm)))"
225,0.7801,11,"div(add(Pr, EN), add(div(Sm, E), div(IE, Sm)))"
226,0.7801,11,"div(add(Gd, EN), add(div(Sm, E), div(IE, Sm)))"
227,0.7801,11,"div(add(Pr, EN), add(div(Sm, E), div(IE, Sm)))"
228,0.7801,11,"div(add(EN, Gd), add(div(IE, Sm), div(Sm, E)))"
229,0.7801,11,"div(add(EN, Gd), add(div(IE, Sm), div(Sm, E)))"
230,0.7801,11,"div(add(Pr, EN), add(div(Sm, E), div(IE, Sm)))"
231,0.7801,11,"div(add(Gd, EN), add(div(Sm, E), div(IE, Sm)))"
232,0.7801,11,"div(add(Gd, EN), add(div(Sm, E), div(IE, Sm)))"
233,0.7801,11,"div(add(Pr, EN), add(div(Sm, E), div(IE, Sm)))"
234,0.7801,11,"div(add(Gd, EN), add(div(Sm, E), div(IE, Sm)))"
235,0.7801,11,"div(add(Pr, EN), add(div(Sm, E), div(IE, Sm)))"
236,0.7801,11,"div(add(Pr, EN), add(div(Sm, E), div(IE, Sm)))"
237,0.7801,11,"div(add(Pr, EN), add(div(Sm, E), div(IE, Sm)))"
238,0.7801,11,"div(add(Pr, EN), add(div(Sm, E), div(IE, Sm)))"
239,0.7819,11,"div(add(Ce, Pr), add(div(Ce, EN), div(IE, E)))"
240,0.7819,11,"div(add(Ce, Gd), add(div(Ce, EN), div(IE, E)))"
241,0.7819,13,"mul(0.486, add(add(EN, div(sub(Y, La), sub(Nd, Pr))), 6.507))"
242,0.7828,13,"mul(0.482, add(M, div(mul(0.482, add(Gd, Nd)), div(La, E))))"
243,0.7828,13,"mul(0.482, add(M, mul(div(E, La), mul(0.482, add(Gd, Nd)))))"
244,0.7830,11,"div(add(EN, Pr), add(div(IE, E), div(LAS, LAS)))"
245,0.7830,11,"div(add(Gd, EN), add(div(E, E), div(IE, E)))"
246,0.7830,11,"div(add(EN, Gd), add(div(EN, EN), div(IE, E)))"
247,0.7830,11,"div(add(EN, Pr), add(div(EN, EN), div(IE, E)))"
248,0.7830,11,"div(add(EN, Pr), add(div(Sm, Sm), div(IE, E)))"
249,0.7830,11,"div(add(EN, Gd), add(div(EN, EN), div(IE, E)))"
250,0.7832,25,"mul(0.482, add(M, mul(div(E, sub(La, -6.269)), add(Pr, mul(0.482, add(M, mul(div(E, sub(La, -6.269)), add(Pr, Nd))))))))"
251,0.7833,13,"mul(0.482, add(M, mul(div(E, sub(La, -6.269)), add(6.976, Nd))))"
252,0.7834,13,"mul(0.482, add(M, mul(div(E, sub(La, -6.269)), add(7.016, Nd))))"
253,0.7834,12,"add(EN, div(IE, div(mul(-1.468, E), neg(sub(R, 5.401)))))"
254,0.7834,12,"add(EN, div(IE, div(mul(-1.468, E), neg(sub(R, 5.401)))))"
255,0.7834,12,"add(EN, div(IE, div(mul(-1.468, E), neg(sub(R, 5.401)))))"
256,0.7834,12,"add(EN, div(IE, div(mul(-1.468, E), neg(sub(R, 5.401)))))"
257,0.7834,12,"add(EN, div(IE, div(mul(-1.468, E), neg(sub(R, 5.401)))))"
258,0.7837,23,"add(EN, div(div(mul(Gd, div(mul(Gd, La), mul(Nd, 1.457))), mul(Nd, 1.457)), div(add(Nd, Nd), sub(La, LAS))))"
259,0.7839,9,"add(EN, div(sub(5.694, R), add(Gd, -8.192)))"
260,0.7842,17,"sub(sub(sub(sub(EN, div(neg(La), LAS)), div(IE, E)), div(neg(La), LAS)), 0.662)"
261,0.7845,9,"div(add(EN, Pr), add(0.986, div(IE, E)))"
262,0.7847,11,"div(add(M, Pr), add(div(M, EN), div(IE, E)))"
263,0.7851,9,"mul(0.507, add(M, div(5.584, div(La, E))))"
264,0.7852,13,"mul(0.482, add(M, add(E, div(sub(La, Pr), sub(R, Gd)))))"
265,0.7855,10,"mul(0.482, add(div(M, div(La, E)), neg(-6.164)))"
266,0.7859,11,"div(add(LAS, Gd), add(div(LAS, E), div(IE, EN)))"
267,0.7859,11,"div(add(LAS, Gd), add(div(LAS, E), div(IE, EN)))"
268,0.7859,11,"div(add(LAS, Pr), add(div(IE, EN), div(LAS, E)))"
269,0.7859,11,"div(add(LAS, Pr), add(div(LAS, E), div(IE, EN)))"
270,0.7860,11,"div(add(LAS, R), add(div(La, 6.439), div(Y, E)))"
271,0.7860,11,"div(add(LAS, R), add(div(La, 6.439), div(Y, E)))"
272,0.7862,10,"div(add(Gd, EN), add(div(IE, E), neg(-1.024)))"
273,0.7869,9,"add(EN, div(sub(5.438, R), add(Gd, -8.551)))"
274,0.7870,9,"mul(0.482, add(M, div(E, div(La, 6.182))))"
275,0.7870,9,"mul(0.482, add(M, div(E, div(La, 6.184))))"
276,0.7870,9,"mul(0.482, add(M, div(E, div(La, 6.184))))"
277,0.7870,9,"mul(0.482, add(M, mul(div(6.159, La), E)))"
278,0.7871,9,"mul(0.482, add(M, div(E, div(La, 6.191))))"
279,0.7871,9,"mul(0.482, add(M, div(E, div(La, 6.192))))"
280,0.7877,10,"mul(0.482, add(M, div(mul(neg(-6.107), E), La)))"
281,0.7878,9,"mul(0.482, add(M, div(E, div(La, 6.240))))"
282,0.7881,10,"mul(0.477, add(M, mul(neg(div(-6.236, La)), E)))"
283,0.7884,9,"mul(0.482, add(M, div(E, div(La, 6.265))))"
284,0.7885,11,"div(add(Sm, Pr), add(div(Sm, EN), div(IE, E)))"
285,0.7885,11,"div(add(Sm, Gd), add(div(Sm, EN), div(IE, E)))"
286,0.7885,11,"div(add(Sm, Pr), add(div(Sm, EN), div(IE, E)))"
287,0.7885,11,"div(add(Sm, Gd), add(div(Sm, EN), div(IE, E)))"
288,0.7885,9,"mul(0.482, add(M, div(mul(E, 6.268), La)))"
289,0.7886,15,"div(add(R, E), add(div(mul(R, M), mul(Gd, M)), div(IE, EN)))"
290,0.7886,11,"div(add(R, E), add(div(R, Gd), div(IE, EN)))"
291,0.7886,11,"div(add(R, E), add(div(R, Gd), div(IE, EN)))"
292,0.7886,11,"div(add(R, E), add(div(R, Gd), div(IE, EN)))"
293,0.7886,11,"div(add(R, E), add(div(R, Gd), div(IE, EN)))"
294,0.7886,11,"div(add(E, R), add(div(IE, EN), div(R, Gd)))"
295,0.7886,11,"div(add(R, E), add(div(R, Gd), div(IE, EN)))"
296,0.7886,11,"div(add(R, E), add(div(R, Pr), div(IE, EN)))"
297,0.7886,11,"div(add(R, E), add(div(R, Gd), div(IE, EN)))"
298,0.7886,11,"div(add(R, E), add(div(R, Gd), div(IE, EN)))"
299,0.7886,11,"div(add(R, E), add(div(R, Pr), div(IE, EN)))"
300,0.7886,11,"div(add(R, E), add(div(R, Gd), div(IE, EN)))"
301,0.7886,11,"div(add(R, E), add(div(R, Gd), div(IE, EN)))"
302,0.7886,11,"div(add(R, E), add(div(R, Gd), div(IE, EN)))"
303,0.7886,11,"div(add(R, E), add(div(R, Gd), div(IE, EN)))"
304,0.7886,11,"div(add(R, E), add(div(R, Gd), div(IE, EN)))"
305,0.7887,11,"div(add(La, E), add(div(La, Gd), div(IE, EN)))"
306,0.7887,11,"div(add(La, E), add(div(IE, EN), div(La, Gd)))"
307,0.7887,11,"div(add(La, E), add(div(La, Pr), div(IE, EN)))"
308,0.7887,11,"div(add(La, E), add(div(La, Gd), div(IE, EN)))"
309,0.7891,19,"add(div(add(-4.976, R), 2.466), add(div(sub(La, IE), Nd), add(div(sub(La, IE), Nd), EN)))"
310,0.7896,19,"add(EN, div(add(IE, mul(neg(R), div(add(div(add(2.095, R), EN), R), EN))), neg(Nd)))"
311,0.7901,11,"div(add(R, 6.572), add(div(La, LAS), div(Y, E)))"
312,0.7901,11,"div(add(E, E), add(div(E, EN), div(IE, Gd)))"
313,0.7901,11,"div(add(E, E), add(div(E, EN), div(IE, Gd)))"
314,0.7901,11,"div(add(E, E), add(div(E, EN), div(IE, Gd)))"
315,0.7901,11,"div(add(E, E), add(div(E, EN), div(IE, Pr)))"
316,0.7901,11,"div(add(E, E), add(div(E, EN), div(IE, Gd)))"
317,0.7901,11,"div(add(E, E), add(div(E, EN), div(IE, Pr)))"
318,0.7901,11,"div(add(E, E), add(div(E, EN), div(IE, Gd)))"
319,0.7901,11,"div(add(E, E), add(div(E, EN), div(IE, Gd)))"
320,0.7901,11,"div(add(E, E), add(div(E, EN), div(IE, Pr)))"
321,0.7901,11,"div(add(E, E), add(div(E, EN), div(IE, Gd)))"
322,0.7901,11,"div(add(E, E), add(div(E, EN), div(IE, Pr)))"
323,0.7901,11,"div(add(Sm, EN), add(div(Sm, E), div(IE, Pr)))"
324,0.7906,9,"div(add(EN, Gd), add(0.967, div(IE, E)))"
325,0.7911,15,"mul(div(add(add(Gd, add(E, 1.408)), R), mul(Pr, La)), add(M, La))"
326,0.7912,9,"mul(0.482, add(M, mul(div(6.332, La), E)))"
327,0.7915,11,"mul(0.482, add(M, neg(mul(neg(E), div(6.336, La)))))"
328,0.7917,10,"mul(0.482, add(M, neg(mul(-6.340, div(E, La)))))"
329,0.7917,9,"mul(0.482, add(M, mul(6.341, div(E, La))))"
330,0.7919,15,"add(EN, div(IE, div(sub(neg(sub(R, 5.401)), E), neg(sub(R, 5.401)))))"
331,0.7929,11,"div(add(M, add(div(mul(EN, R), La), E)), 2.965)"
332,0.7933,9,"mul(0.482, add(M, mul(div(6.367, La), E)))"
333,0.7935,11,"mul(0.482, add(div(E, div(sub(IE, 0.355), EN)), Pr))"
334,0.7936,21,"div(add(mul(div(E, La), M), add(R, div(add(mul(div(E, La), M), add(R, EN)), 3.055))), 3.055)"
335,0.7942,11,"add(EN, div(sub(LAS, La), sub(add(-3.515, M), Nd)))"
336,0.7945,21,"div(add(6.838, add(mul(div(div(add(6.838, add(mul(div(Nd, Y), EN), E)), 3.055), Y), EN), E)), 3.055)"
337,0.7947,11,"div(add(E, Nd), add(div(Nd, EN), div(IE, Gd)))"
338,0.7947,11,"div(add(Nd, E), add(div(Nd, EN), div(IE, Pr)))"
339,0.7947,11,"div(add(Nd, E), add(div(Nd, EN), div(IE, Pr)))"
340,0.7947,13,"mul(0.507, add(mul(EN, div(E, mul(0.507, add(Y, M)))), M))"
341,0.7949,13,"mul(0.482, add(M, div(mul(0.482, add(M, E)), div(La, E))))"
342,0.7954,11,"add(EN, div(sub(LAS, La), add(Gd, sub(-3.603, Nd))))"
343,0.7956,12,"div(add(E, E), add(div(E, EN), div(Y, neg(-6.364))))"
344,0.7959,12,"div(add(E, E), add(div(E, EN), div(Y, neg(-6.471))))"
345,0.7960,9,"add(EN, div(sub(LAS, Nd), sub(La, Gd)))"
346,0.7965,11,"div(add(Gd, EN), add(div(EN, E), div(IE, EN)))"
347,0.7970,11,"div(add(La, Pr), add(div(La, E), div(IE, EN)))"
348,0.7970,11,"div(add(La, Pr), add(div(La, E), div(IE, EN)))"
349,0.7977,10,"sub(add(add(div(EN, Ce), -6.643), EN), neg(R))"
350,0.7979,9,"mul(0.482, sub(M, mul(div(EN, -5.711), E)))"
351,0.7980,11,"div(add(Sm, Nd), add(div(LAS, E), div(La, Gd)))"
352,0.7980,9,"mul(0.482, add(M, mul(div(E, 5.716), EN)))"
353,0.7980,9,"mul(0.482, add(M, mul(div(EN, 5.717), E)))"
354,0.7980,9,"mul(0.482, add(M, div(E, div(5.730, EN))))"
355,0.7981,9,"mul(0.482, add(M, mul(div(EN, 5.680), E)))"
356,0.7981,9,"mul(0.482, add(M, mul(div(EN, 5.739), E)))"
357,0.7982,10,"mul(0.482, add(M, mul(div(E, neg(-5.671)), EN)))"
358,0.7982,9,"mul(0.482, add(M, mul(div(EN, 5.667), E)))"
359,0.7983,13,"mul(0.482, add(M, div(mul(7.299, div(mul(EN, 6.994), Pr)), Gd)))"
360,0.7983,9,"mul(0.482, add(div(mul(E, EN), 5.748), M))"
361,0.7985,11,"div(add(Sm, E), add(div(LAS, Nd), div(La, Gd)))"
362,0.7985,11,"div(add(Sm, E), add(div(LAS, Nd), div(La, Pr)))"
363,0.7985,11,"div(add(Sm, E), add(div(LAS, Nd), div(La, Pr)))"
364,0.7986,9,"mul(0.482, sub(M, mul(E, div(EN, -5.767))))"
365,0.7987,9,"mul(0.482, add(M, mul(E, div(EN, 5.645))))"
366,0.7988,10,"mul(0.482, add(M, mul(E, div(EN, neg(-5.639)))))"
367,0.7988,11,"mul(0.482, add(add(EN, sub(Pr, IE)), sub(E, -0.461)))"
368,0.7989,9,"mul(0.482, add(M, mul(div(EN, 5.636), E)))"
369,0.7990,9,"mul(0.482, add(M, div(E, div(5.633, EN))))"
370,0.7990,9,"mul(0.482, add(M, div(E, div(5.633, EN))))"
371,0.7991,9,"mul(0.482, add(M, div(E, div(5.784, EN))))"
372,0.7991,9,"mul(0.482, add(M, mul(E, div(EN, 5.629))))"
373,0.7991,12,"mul(0.482, add(sub(0.482, sub(neg(Pr), sub(EN, IE))), E))"
374,0.7991,12,"mul(0.482, add(sub(0.482, sub(neg(Pr), sub(EN, IE))), E))"
375,0.7991,12,"mul(0.482, add(add(E, 0.482), sub(sub(Pr, IE), neg(EN))))"
376,0.7991,12,"mul(0.482, add(add(E, add(neg(IE), add(EN, Gd))), 0.482))"
377,0.7993,11,"div(add(M, add(5.879, div(M, div(La, E)))), 3.055)"
378,0.7994,9,"mul(0.482, add(add(Nd, Ce), add(-4.575, Sm)))"
379,0.7994,13,"mul(0.482, add(div(M, div(La, mul(0.482, sub(La, -6.875)))), E))"
380,0.7995,11,"div(add(M, add(mul(M, div(E, La)), E)), 3.055)"
381,0.7995,11,"div(add(E, add(M, div(E, div(La, M)))), 3.055)"
382,0.7995,11,"div(add(E, add(M, mul(E, div(M, La)))), 3.055)"
383,0.7995,9,"mul(0.479, add(mul(div(E, Y), EN), 6.825))"
384,0.7997,9,"mul(0.494, add(add(E, EN), sub(Pr, IE)))"
385,0.7999,15,"mul(0.482, add(sub(EN, -0.964), mul(0.482, add(Nd, mul(div(E, LAS), M)))))"
386,0.7999,11,"div(add(E, E), sub(div(E, EN), div(Y, -6.228)))"
387,0.7999,9,"mul(0.482, add(M, mul(div(EN, 5.607), E)))"
388,0.7999,9,"mul(0.482, add(M, mul(div(EN, 5.607), E)))"
389,0.7999,9,"mul(0.482, add(6.742, mul(div(EN, Y), E)))"
390,0.7999,9,"mul(0.482, add(6.744, mul(E, div(EN, Y))))"
391,0.7999,9,"mul(0.482, add(6.725, div(EN, div(Y, E))))"
392,0.8000,9,"mul(0.482, add(div(EN, div(Y, E)), 6.758))"
393,0.8000,9,"mul(0.482, add(6.758, div(EN, div(Y, E))))"
394,0.8000,9,"mul(0.482, add(6.714, div(mul(E, EN), Y)))"
395,0.8000,9,"mul(0.482, add(6.761, mul(div(E, Y), EN)))"
396,0.8000,10,"mul(0.482, add(neg(-6.710), div(mul(EN, E), Y)))"
397,0.8000,9,"mul(div(add(5.829, M), add(E, La)), E)"
398,0.8001,15,"mul(0.482, add(M, mul(neg(mul(neg(EN), div(-7.198, Pr))), div(-7.198, Pr))))"
399,0.8001,9,"mul(0.482, add(add(Sm, sub(Ce, 4.525)), Nd))"
400,0.8001,15,"mul(0.482, add(M, neg(mul(mul(neg(EN), div(7.076, Pr)), div(7.076, Pr)))))"
401,0.8002,9,"mul(0.482, add(6.697, div(EN, div(Y, E))))"
402,0.8002,9,"mul(0.482, add(M, mul(EN, div(E, 5.818))))"
403,0.8003,9,"mul(div(add(5.856, M), add(E, La)), E)"
404,0.8003,11,"mul(neg(-0.493), add(add(neg(IE), add(EN, Gd)), E))"
405,0.8003,11,"mul(0.482, add(6.792, neg(div(neg(EN), div(Y, E)))))"
406,0.8004,10,"div(add(add(sub(Pr, IE), E), EN), neg(-1.991))"
407,0.8004,10,"div(add(add(sub(Pr, IE), E), EN), neg(-1.991))"
408,0.8004,10,"div(add(add(sub(Pr, IE), E), EN), neg(-1.991))"
409,0.8004,10,"div(add(add(sub(Pr, IE), E), EN), neg(-1.991))"
410,0.8004,10,"div(add(add(sub(Pr, IE), E), EN), neg(-1.991))"
411,0.8004,10,"div(add(add(sub(Pr, IE), E), EN), neg(-1.991))"
412,0.8004,10,"div(add(add(sub(Pr, IE), E), EN), neg(-1.991))"
413,0.8004,10,"div(add(add(sub(Pr, IE), E), EN), neg(-1.991))"
414,0.8004,10,"div(add(add(sub(Pr, IE), E), EN), neg(-1.991))"
415,0.8004,10,"div(add(add(sub(Pr, IE), E), EN), neg(-1.991))"
416,0.8004,10,"div(add(add(sub(Pr, IE), E), EN), neg(-1.991))"
417,0.8005,9,"mul(0.482, add(M, div(mul(EN, E), 5.823)))"
418,0.8006,13,"mul(0.482, add(div(mul(Gd, sub(sub(EN, -0.177), -0.177)), IE), E))"
419,0.8006,9,"mul(0.482, add(M, div(mul(EN, E), 5.827)))"
420,0.8009,13,"mul(0.493, add(M, add(Pr, add(E, sub(EN, add(IE, M))))))"
421,0.8009,13,"mul(0.493, add(M, add(Pr, add(E, sub(EN, add(IE, M))))))"
422,0.8009,15,"neg(add(sub(sub(IE, M), div(-4.956, Y)), sub(neg(Y), div(E, La))))"
423,0.8009,9,"mul(0.482, add(M, div(E, div(5.833, EN))))"
424,0.8010,11,"div(add(Gd, E), add(div(Sm, EN), div(IE, Sm)))"
425,0.8010,11,"div(add(Pr, E), add(div(IE, Sm), div(Sm, EN)))"
426,0.8010,11,"div(add(Pr, E), add(div(IE, Sm), div(Sm, EN)))"
427,0.8010,11,"div(add(Pr, E), add(div(Sm, EN), div(IE, Sm)))"
428,0.8010,11,"div(add(Pr, E), add(div(Sm, EN), div(IE, Sm)))"
429,0.8010,11,"div(add(Pr, E), add(div(Sm, EN), div(IE, Sm)))"
430,0.8010,11,"div(add(Pr, E), add(div(Sm, EN), div(IE, Sm)))"
431,0.8010,11,"div(add(Gd, E), add(div(Sm, EN), div(IE, Sm)))"
432,0.8010,11,"div(add(Pr, E), add(div(Sm, EN), div(IE, Sm)))"
433,0.8010,11,"div(add(Pr, E), add(div(Sm, EN), div(IE, Sm)))"
434,0.8010,11,"div(add(Pr, E), add(div(Sm, EN), div(IE, Sm)))"
435,0.8010,11,"div(add(Gd, E), add(div(Sm, EN), div(IE, Sm)))"
436,0.8010,11,"div(add(Pr, E), add(div(Sm, EN), div(IE, Sm)))"
437,0.8010,11,"div(add(Pr, E), add(div(Sm, EN), div(IE, Sm)))"
438,0.8010,11,"div(add(Gd, E), add(div(Sm, EN), div(IE, Sm)))"
439,0.8010,11,"div(add(Gd, E), add(div(Sm, EN), div(IE, Sm)))"
440,0.8011,9,"mul(0.482, add(M, mul(div(EN, 5.836), E)))"
441,0.8013,11,"div(add(R, E), add(div(R, EN), div(IE, Pr)))"
442,0.8013,11,"div(add(R, E), add(div(R, EN), div(IE, Gd)))"
443,0.8013,11,"div(add(R, E), add(div(R, EN), div(IE, Gd)))"
444,0.8017,9,"mul(0.482, mul(div(7.137, Gd), add(EN, M)))"
445,0.8018,9,"mul(0.482, add(6.623, mul(div(EN, Y), E)))"
446,0.8018,9,"mul(0.482, add(6.623, mul(div(EN, Y), E)))"
447,0.8019,10,"mul(0.492, add(E, sub(sub(Pr, IE), neg(EN))))"
448,0.8019,9,"mul(0.482, add(M, mul(E, div(EN, 5.853))))"
449,0.8020,17,"mul(0.482, add(mul(div(mul(0.482, add(mul(div(E, IE), EN), 7.241)), IE), EN), 7.241))"
450,0.8022,10,"mul(div(add(M, EN), add(E, neg(-6.057))), E)"
451,0.8024,9,"div(mul(7.106, mul(0.482, add(M, EN))), Pr)"
452,0.8025,9,"mul(0.482, add(M, mul(EN, div(E, 5.556))))"
453,0.8026,9,"mul(0.482, add(6.600, mul(E, div(EN, Y))))"
454,0.8028,16,"add(EN, div(add(sub(IE, div(Ce, sub(IE, div(Ce, Sm)))), neg(La)), -2.482))"
455,0.8029,9,"mul(0.482, add(6.880, mul(EN, div(E, Y))))"
456,0.8037,11,"mul(0.482, add(6.576, neg(mul(div(E, Y), neg(EN)))))"
457,0.8038,17,"mul(0.482, add(add(EN, div(E, add(La, sub(add(La, sub(Y, EN)), EN)))), R))"
458,0.8039,9,"mul(0.471, add(mul(EN, div(E, Y)), Pr))"
459,0.8042,11,"div(add(EN, add(mul(div(R, La), M), E)), 3.039)"
460,0.8043,11,"div(add(La, E), add(div(La, EN), div(IE, Pr)))"
461,0.8043,11,"div(add(La, E), add(div(La, EN), div(IE, Pr)))"
462,0.8043,11,"div(add(La, E), add(div(La, EN), div(IE, Gd)))"
463,0.8045,9,"mul(0.485, add(mul(div(EN, IE), E), Gd))"
464,0.8047,9,"add(EN, div(sub(5.203, R), add(IE, -8.307)))"
465,0.8048,21,"div(add(7.116, add(add(sub(div(add(7.116, add(add(sub(M, IE), E), EN)), 3.055), IE), E), EN)), 3.055)"
466,0.8048,21,"div(add(7.116, add(add(sub(div(add(7.116, add(add(sub(M, IE), E), EN)), 3.055), IE), E), EN)), 3.055)"
467,0.8048,21,"div(add(7.099, add(add(sub(div(add(7.099, add(add(sub(M, IE), E), EN)), 3.055), IE), E), EN)), 3.055)"
468,0.8048,21,"div(add(7.099, add(add(sub(div(add(7.099, add(add(sub(M, IE), E), EN)), 3.055), IE), E), EN)), 3.055)"
469,0.8048,21,"div(add(7.099, add(add(sub(div(add(7.099, add(add(sub(M, IE), E), EN)), 3.055), IE), E), EN)), 3.055)"
470,0.8048,21,"div(add(7.099, add(add(sub(div(add(7.099, add(add(sub(M, IE), E), EN)), 3.055), IE), E), EN)), 3.055)"
471,0.8048,21,"div(add(7.099, add(add(sub(div(add(7.099, add(add(sub(M, IE), E), EN)), 3.055), IE), E), EN)), 3.055)"
472,0.8050,21,"div(add(7.082, add(add(sub(div(add(7.082, add(add(sub(M, IE), E), EN)), 3.055), IE), E), EN)), 3.055)"
473,0.8052,13,"sub(add(mul(add(La, E), div(M, add(La, La))), Y), IE)"
474,0.8054,11,"div(add(Ce, E), add(div(Ce, EN), div(IE, Gd)))"
475,0.8054,11,"div(add(Ce, E), add(div(Ce, EN), div(IE, Pr)))"
476,0.8054,9,"mul(0.489, add(sub(EN, IE), add(E, Gd)))"
477,0.8055,9,"mul(0.482, add(add(EN, sub(6.842, Y)), E))"
478,0.8055,10,"mul(0.482, add(6.849, add(neg(Y), add(E, EN))))"
479,0.8055,9,"mul(0.482, add(sub(add(EN, 6.850), Y), E))"
480,0.8055,9,"mul(0.482, add(sub(EN, add(-6.837, Y)), E))"
481,0.8055,9,"mul(0.482, add(add(EN, E), sub(6.855, Y)))"
482,0.8055,9,"mul(0.482, sub(add(EN, 6.832), sub(Y, E)))"
483,0.8055,10,"mul(0.482, add(E, add(sub(EN, -6.860), neg(Y))))"
484,0.8055,10,"mul(0.482, add(add(sub(EN, -6.861), neg(Y)), E))"
485,0.8055,9,"mul(0.482, add(add(sub(EN, Y), 6.828), E))"
486,0.8055,9,"mul(0.482, add(sub(EN, -6.825), sub(E, Y)))"
487,0.8055,9,"mul(0.482, sub(add(E, EN), sub(Y, 6.865)))"
488,0.8055,9,"mul(0.482, add(sub(add(EN, 6.824), Y), E))"
489,0.8056,10,"mul(0.482, add(add(sub(EN, -6.823), neg(Y)), E))"
490,0.8056,9,"mul(0.482, add(sub(E, Y), add(EN, 6.869)))"
491,0.8056,9,"mul(0.482, add(add(EN, sub(6.818, Y)), E))"
492,0.8056,9,"mul(0.482, add(add(EN, sub(6.815, Y)), E))"
493,0.8056,9,"mul(0.482, add(Gd, div(mul(E, EN), Y)))"
494,0.8056,9,"mul(0.482, add(Pr, div(E, div(Y, EN))))"
495,0.8056,9,"mul(0.482, add(Pr, div(E, div(Y, EN))))"
496,0.8056,9,"mul(0.482, add(div(EN, div(Y, E)), Pr))"
497,0.8057,10,"mul(0.482, add(sub(sub(6.879, Y), neg(E)), EN))"
498,0.8057,9,"mul(0.482, add(sub(EN, Y), add(6.884, E)))"
499,0.8057,9,"mul(0.482, add(sub(EN, Y), add(6.884, E)))"
500,0.8059,9,"mul(0.482, add(add(6.790, sub(EN, Y)), E))"
501,0.8060,9,"mul(0.482, add(sub(add(6.787, EN), Y), E))"
502,0.8060,10,"mul(0.482, add(add(neg(Y), add(6.902, EN)), E))"
503,0.8061,9,"mul(0.482, add(add(sub(EN, Y), 6.911), E))"
504,0.8063,9,"mul(0.482, add(sub(EN, Y), add(6.919, E)))"
505,0.8064,9,"mul(0.482, add(add(6.923, sub(EN, Y)), E))"
506,0.8064,9,"div(add(Pr, E), add(1.009, div(IE, EN)))"
507,0.8065,9,"mul(0.482, add(sub(sub(EN, -6.926), Y), E))"
508,0.8065,10,"div(add(Pr, E), add(neg(-1.003), div(IE, EN)))"
509,0.8065,10,"div(add(Pr, E), add(neg(-1.003), div(IE, EN)))"
510,0.8065,10,"div(add(Pr, E), add(neg(-1.003), div(IE, EN)))"
511,0.8065,10,"div(add(Pr, E), add(neg(-1.003), div(IE, EN)))"
512,0.8065,10,"div(add(Pr, E), add(neg(-1.003), div(IE, EN)))"
513,0.8065,11,"div(add(7.156, add(mul(div(E, Y), EN), Nd)), 3.055)"
514,0.8066,9,"mul(div(EN, add(IE, EN)), add(Gd, E))"
515,0.8067,10,"mul(0.482, add(add(add(EN, 6.937), neg(Y)), E))"
516,0.8068,9,"mul(0.482, add(add(EN, E), sub(6.940, Y)))"
517,0.8070,10,"mul(0.482, add(sub(sub(6.742, Y), neg(EN)), E))"
518,0.8070,10,"mul(0.482, add(sub(sub(6.742, Y), neg(EN)), E))"
519,0.8070,10,"mul(0.482, add(sub(sub(6.742, Y), neg(EN)), E))"
520,0.8070,9,"mul(0.482, add(M, div(E, div(5.496, EN))))"
521,0.8070,9,"mul(0.482, add(M, div(E, div(5.496, EN))))"
522,0.8071,9,"mul(0.482, add(add(E, EN), sub(6.739, Y)))"
523,0.8072,10,"mul(0.482, add(add(neg(Y), add(6.953, EN)), E))"
524,0.8072,9,"mul(0.482, sub(add(E, 6.735), sub(Y, EN)))"
525,0.8072,15,"div(mul(div(M, Pr), add(IE, IE)), add(div(Sm, EN), div(Y, E)))"
526,0.8072,9,"div(add(Gd, E), add(0.995, div(IE, EN)))"
527,0.8073,9,"mul(0.482, add(add(sub(EN, Y), 6.956), E))"
528,0.8074,9,"mul(0.482, sub(add(E, 6.958), sub(Y, EN)))"
529,0.8074,11,"div(add(EN, E), add(div(Sm, Sm), div(IE, Pr)))"
530,0.8074,11,"div(add(EN, E), add(div(EN, EN), div(IE, Gd)))"
531,0.8074,11,"div(add(EN, E), add(div(Sm, Sm), div(IE, Gd)))"
532,0.8076,10,"mul(0.482, add(sub(sub(EN, Y), neg(6.965)), E))"
533,0.8078,9,"mul(0.482, add(E, sub(6.972, sub(Y, EN))))"
534,0.8082,10,"mul(0.482, add(add(sub(EN, -6.707), neg(Y)), E))"
535,0.8083,10,"mul(0.482, add(sub(sub(6.704, Y), neg(EN)), E))"
536,0.8084,9,"mul(0.482, sub(add(EN, E), sub(Y, 6.702)))"
537,0.8085,15,"mul(0.482, add(sub(EN, -0.851), mul(0.482, add(M, mul(E, div(Nd, LAS))))))"
538,0.8089,9,"mul(0.482, add(add(sub(EN, Y), 6.999), E))"
539,0.8089,9,"mul(0.482, add(add(E, EN), sub(Gd, Y)))"
540,0.8089,10,"mul(0.482, add(add(neg(Y), add(EN, Gd)), E))"
541,0.8089,9,"mul(0.482, add(add(sub(E, Y), EN), Pr))"
542,0.8089,9,"mul(0.482, add(add(E, Pr), sub(EN, Y)))"
543,0.8089,9,"mul(0.482, add(add(Pr, EN), sub(E, Y)))"
544,0.8089,9,"mul(0.482, add(sub(Gd, Y), add(EN, E)))"
545,0.8089,10,"mul(0.482, add(Gd, sub(sub(EN, Y), neg(E))))"
546,0.8089,9,"mul(0.482, sub(add(E, EN), sub(Y, Gd)))"
547,0.8089,10,"mul(0.482, add(add(add(EN, Pr), neg(Y)), E))"
548,0.8089,9,"mul(0.482, add(add(EN, E), sub(Gd, Y)))"
549,0.8089,10,"mul(0.482, add(add(neg(Y), add(EN, Gd)), E))"
550,0.8089,9,"mul(0.482, add(add(sub(EN, Y), Gd), E))"
551,0.8089,9,"mul(0.482, add(add(EN, sub(Gd, Y)), E))"
552,0.8089,9,"mul(0.482, add(add(Pr, sub(EN, Y)), E))"
553,0.8089,9,"mul(0.482, add(sub(Pr, sub(Y, EN)), E))"
554,0.8089,9,"mul(0.482, add(add(sub(EN, Y), Pr), E))"
555,0.8089,9,"mul(0.482, add(sub(Gd, sub(Y, EN)), E))"
556,0.8089,9,"mul(0.482, add(sub(Gd, sub(Y, EN)), E))"
557,0.8089,9,"mul(0.482, add(add(Pr, sub(EN, Y)), E))"
558,0.8089,9,"mul(0.482, add(add(EN, sub(Gd, Y)), E))"
559,0.8089,9,"mul(0.482, add(add(Pr, sub(EN, Y)), E))"
560,0.8089,9,"mul(0.482, add(add(sub(EN, Y), Pr), E))"
561,0.8089,9,"mul(0.482, add(add(Pr, sub(EN, Y)), E))"
562,0.8089,9,"mul(0.482, add(add(EN, sub(Pr, Y)), E))"
563,0.8089,9,"mul(div(3.250, Gd), add(EN, mul(1.147, M)))"
564,0.8091,17,"div(sub(add(R, sub(add(mul(7.057, div(E, EN)), mul(Ce, EN)), LAS)), Y), Ce)"
565,0.8095,11,"div(add(6.311, E), add(div(Sm, EN), div(Y, Sm)))"
566,0.8095,11,"div(add(6.311, E), add(div(Sm, EN), div(Y, Sm)))"
567,0.8096,9,"mul(0.482, add(M, div(E, div(5.470, EN))))"
568,0.8098,9,"mul(0.497, add(mul(div(M, La), 5.887), E))"
569,0.8101,11,"div(add(M, add(add(M, E), sub(E, La))), 3.117)"
570,0.8103,11,"div(add(LAS, E), add(div(LAS, EN), div(IE, Pr)))"
571,0.8103,11,"div(add(M, E), add(div(M, EN), div(IE, Pr)))"
572,0.8103,11,"div(add(M, E), add(div(M, EN), div(IE, Pr)))"
573,0.8103,11,"div(add(M, E), add(div(M, EN), div(IE, Pr)))"
574,0.8103,11,"div(add(M, E), add(div(M, EN), div(IE, Gd)))"
575,0.8103,11,"div(add(M, E), add(div(M, EN), div(IE, Gd)))"
576,0.8104,11,"div(add(R, E), add(div(Y, EN), div(La, IE)))"
577,0.8107,11,"mul(0.482, add(M, sub(E, add(sub(La, -0.481), -6.772))))"
578,0.8108,9,"mul(0.483, add(sub(sub(M, La), -6.280), E))"
579,0.8108,12,"mul(0.482, add(E, add(neg(sub(neg(6.280), neg(La))), M)))"
580,0.8108,19,"mul(0.482, add(add(EN, mul(0.482, add(M, E))), div(R, add(LAS, div(E, mul(EN, Pr))))))"
581,0.8108,19,"mul(0.482, add(add(EN, mul(0.482, add(M, E))), div(R, add(LAS, div(E, mul(EN, Pr))))))"
582,0.8108,10,"mul(0.482, add(M, add(neg(sub(La, 6.304)), E)))"
583,0.8108,10,"mul(0.482, add(M, add(E, neg(add(-6.309, La)))))"
584,0.8108,10,"mul(0.482, add(M, add(E, neg(add(-6.309, La)))))"
585,0.8108,10,"mul(0.482, add(M, add(E, neg(add(-6.309, La)))))"
586,0.8108,10,"mul(0.482, add(M, add(E, neg(add(-6.309, La)))))"
587,0.8108,10,"mul(0.482, add(M, add(E, neg(add(-6.309, La)))))"
588,0.8108,10,"mul(0.482, add(M, add(E, neg(add(-6.309, La)))))"
589,0.8108,10,"mul(0.482, add(M, add(E, neg(add(-6.309, La)))))"
590,0.8109,13,"mul(0.482, add(add(EN, mul(0.482, add(M, E))), div(R, LAS)))"
591,0.8109,14,"mul(0.482, add(sub(div(R, LAS), neg(EN)), mul(0.482, add(M, E))))"
592,0.8109,13,"mul(0.482, add(add(EN, div(R, LAS)), mul(0.482, add(M, E))))"
593,0.8109,13,"mul(0.482, add(add(EN, mul(0.482, add(M, E))), div(R, LAS)))"
594,0.8109,13,"mul(0.482, add(add(EN, div(R, LAS)), mul(0.482, add(M, E))))"
595,0.8109,13,"mul(0.482, add(add(EN, mul(0.482, add(M, E))), div(R, LAS)))"
596,0.8109,13,"mul(0.482, add(add(EN, div(R, LAS)), mul(0.482, add(M, E))))"
597,0.8109,13,"mul(0.482, add(add(EN, div(R, LAS)), mul(0.482, add(M, E))))"
598,0.8109,13,"mul(0.482, add(add(div(R, LAS), EN), mul(0.482, add(M, E))))"
599,0.8109,13,"mul(0.482, add(add(EN, mul(0.482, add(M, E))), div(R, LAS)))"
600,0.8109,13,"mul(0.482, add(add(div(R, LAS), EN), mul(0.482, add(M, E))))"
601,0.8109,13,"mul(0.482, add(add(div(R, LAS), EN), mul(0.482, add(M, E))))"
602,0.8109,13,"mul(0.482, add(add(EN, div(R, LAS)), mul(0.482, add(M, E))))"
603,0.8109,10,"mul(0.482, add(M, sub(E, neg(sub(6.255, La)))))"
604,0.8110,11,"div(add(7.976, add(mul(Nd, div(Ce, IE)), Sm)), 3.055)"
605,0.8111,11,"mul(0.482, add(sub(EN, 5.997), add(0.356, add(M, E))))"
606,0.8111,9,"mul(0.482, add(add(M, sub(EN, 5.649)), E))"
607,0.8111,9,"mul(0.482, add(M, add(add(E, -5.632), EN)))"
608,0.8111,9,"mul(0.482, add(M, add(sub(EN, 5.630), E)))"
609,0.8111,9,"mul(0.482, add(M, add(add(EN, -5.652), E)))"
610,0.8112,9,"mul(0.482, add(sub(M, sub(5.620, EN)), E))"
611,0.8112,10,"mul(0.482, add(M, add(neg(5.618), add(E, EN))))"
612,0.8112,9,"mul(0.482, add(M, add(sub(EN, 5.664), E)))"
613,0.8112,9,"mul(0.482, add(EN, add(-5.669, add(M, E))))"
614,0.8112,10,"mul(0.482, add(M, sub(sub(E, 5.611), neg(EN))))"
615,0.8112,9,"div(add(Gd, E), add(0.978, div(IE, EN)))"
616,0.8112,11,"div(add(div(mul(EN, EN), LAS), add(M, E)), 3.055)"
617,0.8113,9,"mul(0.482, add(M, mul(div(E, 5.982), EN)))"
618,0.8113,10,"mul(0.482, add(add(add(EN, M), neg(5.606)), E))"
619,0.8113,9,"mul(0.482, add(M, add(E, add(-5.683, EN))))"
620,0.8113,9,"mul(0.482, add(E, add(sub(6.225, La), M)))"
621,0.8113,11,"div(add(Y, E), add(div(Y, EN), div(IE, Pr)))"
622,0.8115,9,"mul(0.482, add(add(6.362, E), sub(M, La)))"
623,0.8117,9,"mul(0.482, add(M, add(E, sub(EN, 5.574))))"
624,0.8119,9,"mul(0.482, add(add(E, -5.567), add(EN, M)))"
625,0.8119,12,"mul(0.482, add(E, add(neg(add(La, -4.932)), sub(M, -1.269))))"
626,0.8119,10,"mul(0.468, add(M, add(neg(La), add(E, 6.753))))"
627,0.8119,10,"div(add(6.311, E), add(neg(-1.003), div(Y, EN)))"
628,0.8120,9,"mul(0.482, add(sub(M, -6.195), sub(E, La)))"
629,0.8121,9,"mul(0.482, add(M, sub(E, sub(La, 6.386))))"
630,0.8121,9,"mul(0.482, add(M, add(add(EN, E), -5.727)))"
631,0.8123,9,"mul(0.482, add(M, add(sub(EN, 5.551), E)))"
632,0.8125,11,"div(add(7.320, add(add(sub(E, Y), 5.698), EN)), 3.055)"
633,0.8125,10,"mul(0.510, add(sub(sub(Pr, IE), neg(EN)), E))"
634,0.8126,25,"mul(0.482, add(mul(0.482, add(M, EN)), sub(mul(0.482, add(mul(0.482, add(M, EN)), sub(sub(add(E, R), La), -0.858))), -0.858)))"
635,0.8126,9,"mul(0.482, add(M, add(sub(EN, 5.537), E)))"
636,0.8127,9,"mul(0.482, add(M, add(E, add(EN, -5.747))))"
637,0.8127,9,"mul(0.482, add(M, add(sub(EN, 5.533), E)))"
638,0.8128,9,"mul(0.473, add(M, add(sub(EN, 5.248), E)))"
639,0.8128,9,"mul(0.473, add(M, add(sub(EN, 5.248), E)))"
640,0.8128,11,"div(add(Sm, E), add(div(Sm, EN), div(IE, Pr)))"
641,0.8128,11,"div(add(Sm, E), add(div(Sm, EN), div(IE, Pr)))"
642,0.8128,11,"div(add(Sm, E), add(div(Sm, EN), div(IE, Gd)))"
643,0.8128,11,"div(add(Sm, E), add(div(Sm, EN), div(IE, Gd)))"
644,0.8128,11,"div(add(Sm, E), add(div(Sm, EN), div(IE, Gd)))"
645,0.8128,11,"div(add(Sm, E), add(div(Sm, EN), div(IE, Pr)))"
646,0.8128,11,"div(add(Sm, E), add(div(Sm, EN), div(IE, Pr)))"
647,0.8128,11,"div(add(Sm, E), add(div(Sm, EN), div(IE, Gd)))"
648,0.8128,11,"div(add(Sm, E), add(div(Sm, EN), div(IE, Gd)))"
649,0.8128,11,"div(add(Sm, E), add(div(Sm, EN), div(IE, Pr)))"
650,0.8128,11,"div(add(Sm, E), add(div(Sm, EN), div(IE, Pr)))"
651,0.8128,11,"div(add(Sm, E), add(div(Sm, EN), div(IE, Gd)))"
652,0.8128,11,"div(add(Sm, E), add(div(Sm, EN), div(IE, Pr)))"
653,0.8128,11,"div(add(Sm, E), add(div(Sm, EN), div(IE, Gd)))"
654,0.8128,11,"div(add(Sm, E), add(div(Sm, EN), div(IE, Pr)))"
655,0.8128,11,"div(add(Sm, E), add(div(Sm, EN), div(IE, Pr)))"
656,0.8128,11,"div(add(Sm, E), add(div(Sm, EN), div(IE, Pr)))"
657,0.8128,11,"div(add(Sm, E), add(div(Sm, EN), div(IE, Gd)))"
658,0.8128,11,"div(add(Sm, E), add(div(Sm, EN), div(IE, Gd)))"
659,0.8128,11,"div(add(Sm, E), add(div(Sm, EN), div(IE, Pr)))"
660,0.8128,11,"div(add(Sm, E), add(div(Sm, EN), div(IE, Pr)))"
661,0.8128,11,"div(add(Sm, E), add(div(Sm, EN), div(IE, Pr)))"
662,0.8128,11,"div(add(Sm, E), add(div(Sm, EN), div(IE, Gd)))"
663,0.8128,11,"div(add(Sm, E), add(div(Sm, EN), div(IE, Pr)))"
664,0.8128,11,"div(add(Sm, E), add(div(Sm, EN), div(IE, Pr)))"
665,0.8128,11,"div(add(Sm, E), add(div(Sm, EN), div(IE, Pr)))"
666,0.8128,11,"div(add(Sm, E), add(div(Sm, EN), div(IE, Pr)))"
667,0.8128,11,"div(add(Sm, E), add(div(Sm, EN), div(IE, Pr)))"
668,0.8128,11,"div(add(Sm, E), add(div(Sm, EN), div(IE, Pr)))"
669,0.8128,11,"div(add(Sm, E), add(div(Sm, EN), div(IE, Gd)))"
670,0.8128,9,"mul(0.482, add(sub(E, 5.531), add(EN, M)))"
671,0.8130,9,"mul(0.482, add(add(M, sub(EN, 5.756)), E))"
672,0.8131,9,"mul(0.482, add(M, add(sub(EN, 5.760), E)))"
673,0.8132,9,"mul(0.482, add(M, add(add(-5.520, EN), E)))"
674,0.8134,9,"div(add(M, add(add(-0.387, EN), E)), 2.910)"
675,0.8134,9,"div(M, div(add(La, Pr), add(E, IE)))"
676,0.8134,9,"div(M, div(add(La, Gd), add(IE, E)))"
677,0.8134,9,"div(M, div(add(La, Pr), add(E, IE)))"
678,0.8134,9,"div(M, div(add(La, Pr), add(E, IE)))"
679,0.8139,9,"mul(0.482, add(div(E, div(La, M)), R))"
680,0.8139,15,"mul(div(neg(IE), add(Gd, LAS)), sub(neg(M), mul(div(E, Y), EN)))"
681,0.8140,9,"mul(0.482, add(div(5.968, div(La, M)), E))"
682,0.8140,13,"mul(0.482, add(M, add(add(EN, sub(7.282, Gd)), sub(7.282, Gd))))"
683,0.8141,9,"mul(0.482, add(M, add(E, sub(EN, 5.786))))"
684,0.8145,9,"div(add(EN, add(div(M, 0.913), E)), 3.055)"
685,0.8145,7,"div(add(M, add(E, EN)), 2.967)"
686,0.8145,7,"div(add(EN, add(M, E)), 2.963)"
687,0.8145,7,"div(add(EN, add(M, E)), 2.963)"
688,0.8145,7,"div(add(M, add(E, EN)), 2.963)"
689,0.8146,7,"div(add(M, add(E, EN)), 2.963)"
690,0.8146,7,"div(add(M, add(E, EN)), 2.970)"
691,0.8146,7,"div(add(M, add(E, EN)), 2.970)"
692,0.8146,7,"div(add(M, add(EN, E)), 2.970)"
693,0.8146,7,"div(add(M, add(E, EN)), 2.970)"
694,0.8146,7,"div(add(M, add(EN, E)), 2.970)"
695,0.8146,7,"div(add(M, add(EN, E)), 2.970)"
696,0.8146,7,"div(add(M, add(E, EN)), 2.970)"
697,0.8146,7,"div(add(M, add(E, EN)), 2.970)"
698,0.8146,7,"div(add(M, add(E, EN)), 2.970)"
699,0.8146,7,"div(add(M, add(E, EN)), 2.970)"
700,0.8146,7,"div(add(M, add(E, EN)), 2.970)"
701,0.8146,7,"div(add(M, add(E, EN)), 2.970)"
702,0.8146,7,"div(add(M, add(E, EN)), 2.970)"
703,0.8146,7,"div(add(EN, add(E, M)), 2.961)"
704,0.8146,17,"mul(0.482, add(add(mul(0.482, add(add(EN, sub(EN, 4.975)), R)), sub(EN, 4.975)), R))"
705,0.8146,7,"div(add(M, add(EN, E)), 2.960)"
706,0.8146,7,"div(add(M, add(EN, E)), 2.960)"
707,0.8146,7,"div(add(M, add(EN, E)), 2.960)"
708,0.8146,7,"div(add(M, add(EN, E)), 2.960)"
709,0.8146,7,"div(add(M, add(EN, E)), 2.960)"
710,0.8146,7,"div(add(M, add(E, EN)), 2.972)"
711,0.8146,7,"div(add(EN, add(M, E)), 2.959)"
712,0.8147,7,"div(add(M, add(EN, E)), 2.974)"
713,0.8148,9,"sub(sub(EN, mul(-0.231, La)), div(IE, R))"
714,0.8148,7,"div(add(M, add(E, EN)), 2.976)"
715,0.8148,11,"div(add(M, add(EN, sub(add(LAS, E), LAS))), 2.956)"
716,0.8148,7,"div(add(M, add(EN, E)), 2.956)"
717,0.8148,9,"div(add(EN, add(div(M, 0.933), E)), 3.055)"
718,0.8148,9,"div(add(M, add(EN, sub(E, 0.753))), 2.818)"
719,0.8149,7,"div(add(M, add(EN, E)), 2.954)"
720,0.8150,7,"div(add(EN, add(M, E)), 2.953)"
721,0.8150,9,"mul(0.482, add(sub(EN, 5.473), add(E, M)))"
722,0.8150,9,"mul(0.482, add(sub(EN, 5.473), add(E, M)))"
723,0.8150,8,"div(add(add(E, M), EN), neg(-2.979))"
724,0.8151,7,"div(add(M, add(EN, E)), 2.952)"
725,0.8151,7,"div(add(M, add(EN, E)), 2.951)"
726,0.8151,7,"div(add(EN, add(M, E)), 2.951)"
727,0.8152,7,"div(add(M, add(E, EN)), 2.981)"
728,0.8152,7,"div(add(M, add(E, EN)), 2.951)"
729,0.8152,7,"div(add(EN, add(M, E)), 2.951)"
730,0.8152,7,"div(add(M, add(EN, E)), 2.982)"
731,0.8152,8,"div(add(EN, add(E, M)), neg(-2.950))"
732,0.8152,8,"div(add(EN, add(E, M)), neg(-2.950))"
733,0.8152,8,"div(add(EN, add(E, M)), neg(-2.950))"
734,0.8153,11,"div(add(add(M, div(2.721, La)), add(EN, E)), 3.055)"
735,0.8153,13,"div(add(EN, add(M, div(div(E, neg(-0.955)), neg(-0.955)))), 3.055)"
736,0.8154,13,"div(add(M, add(add(E, div(Nd, add(E, E))), EN)), 3.055)"
737,0.8154,13,"div(add(M, add(add(E, div(Nd, add(E, E))), EN)), 3.055)"
738,0.8154,13,"div(add(M, add(add(E, div(Nd, add(E, E))), EN)), 3.055)"
739,0.8154,13,"div(add(M, add(add(E, div(Nd, add(E, E))), EN)), 3.055)"
740,0.8154,13,"div(add(M, add(add(E, div(Nd, add(E, E))), EN)), 3.055)"
741,0.8154,13,"div(add(M, add(add(E, div(Nd, add(E, E))), EN)), 3.055)"
742,0.8154,7,"div(add(EN, add(M, E)), 2.949)"
743,0.8154,7,"mul(add(EN, add(M, E)), 0.335)"
744,0.8154,7,"div(add(EN, add(M, E)), 2.948)"
745,0.8155,7,"div(add(M, add(E, EN)), 2.948)"
746,0.8156,7,"div(add(M, add(E, EN)), 2.947)"
747,0.8156,7,"div(add(M, add(E, EN)), 2.947)"
748,0.8156,7,"div(add(M, add(EN, E)), 2.946)"
749,0.8156,8,"div(add(M, add(EN, E)), neg(-2.986))"
750,0.8158,7,"div(add(EN, add(M, E)), 2.987)"
751,0.8159,7,"div(add(EN, add(M, E)), 2.988)"
752,0.8159,7,"div(add(EN, add(M, E)), 2.988)"
753,0.8159,7,"div(add(M, add(E, EN)), 2.988)"
754,0.8159,7,"div(add(M, add(EN, E)), 2.944)"
755,0.8159,9,"div(add(M, add(E, div(EN, 0.934))), 3.055)"
756,0.8163,9,"div(add(M, add(add(0.540, EN), E)), 3.048)"
757,0.8163,9,"div(add(EN, add(M, add(0.544, E))), 3.054)"
758,0.8163,9,"div(add(EN, add(M, add(0.544, E))), 3.054)"
759,0.8163,7,"div(add(M, add(EN, E)), 2.941)"
760,0.8163,7,"div(add(M, add(E, EN)), 2.941)"
761,0.8163,9,"div(add(E, add(M, add(0.546, EN))), 3.055)"
762,0.8163,9,"div(add(add(M, 0.535), add(EN, E)), 3.055)"
763,0.8163,9,"div(add(add(M, 0.535), add(E, EN)), 3.055)"
764,0.8163,9,"div(add(add(M, 0.557), add(EN, E)), 3.055)"
765,0.8163,9,"div(add(E, add(M, add(0.560, EN))), 3.055)"
766,0.8163,9,"div(add(E, add(M, add(0.560, EN))), 3.055)"
767,0.8163,9,"div(add(M, add(add(E, 0.562), EN)), 3.055)"
768,0.8163,9,"div(add(add(E, M), mul(1.067, EN)), 3.055)"
769,0.8164,9,"div(add(EN, add(add(E, 0.515), M)), 3.055)"
770,0.8164,9,"div(add(EN, add(add(E, 0.515), M)), 3.055)"
771,0.8164,9,"div(add(M, add(E, add(EN, 0.575))), 3.055)"
772,0.8164,9,"div(add(M, add(add(EN, 0.580), E)), 3.055)"
773,0.8164,9,"div(add(E, add(add(M, 0.504), EN)), 3.055)"
774,0.8164,9,"div(add(M, add(E, sub(EN, -0.586))), 3.055)"
775,0.8164,9,"div(add(M, add(E, sub(EN, -0.586))), 3.055)"
776,0.8165,9,"div(add(sub(EN, -0.592), add(M, E)), 3.055)"
777,0.8165,9,"div(add(add(E, 0.483), add(M, EN)), 3.055)"
778,0.8165,9,"div(add(M, add(E, add(0.482, EN))), 3.055)"
779,0.8165,9,"div(add(M, add(add(E, 0.482), EN)), 3.055)"
780,0.8165,9,"div(add(add(0.482, E), add(M, EN)), 3.055)"
781,0.8165,9,"div(add(add(EN, 0.482), add(M, E)), 3.055)"
782,0.8165,9,"div(add(add(EN, 0.482), add(M, E)), 3.055)"
783,0.8165,9,"div(add(add(0.482, E), add(M, EN)), 3.055)"
784,0.8165,9,"div(add(add(0.482, E), add(M, EN)), 3.055)"
785,0.8165,9,"div(add(add(0.482, EN), add(M, E)), 3.055)"
786,0.8166,9,"div(add(M, add(add(E, 0.478), EN)), 3.055)"
787,0.8166,9,"div(add(M, add(add(E, 0.610), EN)), 3.055)"
788,0.8166,9,"div(add(EN, add(M, sub(E, -0.610))), 3.055)"
789,0.8166,9,"div(add(sub(E, -0.611), add(M, EN)), 3.055)"
790,0.8168,7,"add(EN, div(sub(5.368, R), -1.618))"
791,0.8169,9,"div(add(M, add(add(0.719, EN), E)), 3.081)"
792,0.8169,8,"div(add(EN, add(E, M)), neg(-2.937))"
793,0.8169,7,"div(add(EN, add(M, E)), 2.995)"
794,0.8169,7,"div(add(M, add(E, EN)), 2.937)"
795,0.8171,7,"div(add(M, add(E, EN)), 2.996)"
796,0.8172,9,"div(add(M, add(E, EN)), sub(2.129, -0.807))"
797,0.8172,9,"div(add(M, add(sub(EN, -0.793), E)), 3.086)"
798,0.8174,7,"div(add(E, add(M, EN)), 2.998)"
799,0.8174,17,"mul(0.482, add(add(mul(0.482, add(add(EN, sub(EN, 4.938)), R)), sub(EN, 4.938)), R))"
800,0.8174,7,"div(add(EN, add(E, M)), 2.934)"
801,0.8175,9,"div(add(M, add(EN, sub(E, -0.722))), 3.096)"
802,0.8175,9,"div(add(EN, add(M, mul(1.121, E))), 3.055)"
803,0.8176,7,"div(add(EN, add(M, E)), 2.933)"
804,0.8177,9,"div(add(M, add(sub(E, -0.688), EN)), 3.055)"
805,0.8179,9,"div(add(add(0.431, EN), add(M, E)), 3.007)"
806,0.8180,7,"div(add(M, add(E, EN)), 3.002)"
807,0.8181,9,"div(add(mul(M, 1.122), add(E, EN)), 3.055)"
808,0.8181,9,"mul(0.482, add(M, add(sub(EN, 5.863), E)))"
809,0.8182,9,"div(add(EN, add(add(M, 0.371), E)), 3.055)"
810,0.8184,10,"mul(0.482, add(mul(neg(div(-7.345, IE)), EN), E))"
811,0.8185,9,"mul(0.482, add(div(7.243, div(IE, EN)), E))"
812,0.8186,9,"mul(0.482, add(div(7.238, div(IE, EN)), E))"
813,0.8186,7,"div(add(E, add(M, EN)), 3.004)"
814,0.8193,7,"div(add(EN, add(E, M)), 2.925)"
815,0.8195,7,"div(add(M, add(EN, E)), 2.924)"
816,0.8197,7,"div(add(M, add(E, EN)), 3.009)"
817,0.8197,7,"div(add(M, add(E, EN)), 3.009)"
818,0.8197,7,"div(add(M, add(E, EN)), 3.009)"
819,0.8198,11,"div(add(Sm, E), add(div(Sm, EN), div(Y, 6.311)))"
820,0.8198,9,"add(div(M, R), div(EN, div(Pr, R)))"
821,0.8199,7,"div(add(M, add(E, EN)), 2.922)"
822,0.8199,7,"div(add(M, add(EN, E)), 2.922)"
823,0.8200,10,"mul(0.482, add(sub(M, neg(sub(EN, 5.391))), E))"
824,0.8202,7,"div(add(EN, add(M, E)), 3.012)"
825,0.8203,7,"div(add(EN, add(M, E)), 3.012)"
826,0.8203,7,"div(add(M, add(EN, E)), 3.012)"
827,0.8203,11,"div(add(EN, E), add(div(EN, 5.720), div(La, M)))"
828,0.8207,7,"div(add(EN, add(M, E)), 2.920)"
829,0.8207,7,"div(add(M, add(EN, E)), 3.014)"
830,0.8210,17,"mul(0.482, add(add(EN, add(-4.901, mul(0.482, add(add(EN, add(-4.901, EN)), R)))), R))"
831,0.8211,9,"mul(0.482, add(add(E, sub(EN, 5.376)), M))"
832,0.8213,9,"mul(0.482, add(M, add(-5.373, add(E, EN))))"
833,0.8214,17,"mul(0.482, add(add(EN, sub(mul(0.482, add(add(EN, sub(EN, 4.898)), R)), 4.898)), R))"
834,0.8220,7,"div(add(M, add(EN, E)), 3.018)"
835,0.8221,11,"mul(0.482, add(M, add(sub(div(Nd, La), 0.482), E)))"
836,0.8228,9,"div(sub(add(M, E), neg(EN)), neg(-3.022))"
837,0.8229,13,"mul(0.482, add(M, sub(add(mul(0.482, add(M, E)), E), La)))"
838,0.8230,9,"mul(0.482, add(M, sub(EN, add(-7.366, Pr))))"
839,0.8230,9,"mul(0.482, add(M, sub(sub(EN, Gd), -7.366)))"
840,0.8230,12,"sub(add(M, mul(0.526, add(sub(0.662, neg(Y)), EN))), Pr)"
841,0.8231,10,"mul(0.482, add(M, add(E, sub(EN, neg(-5.350)))))"
842,0.8232,11,"mul(0.482, add(sub(EN, add(-6.845, Y)), mul(E, 1.054)))"
843,0.8234,10,"mul(0.493, neg(sub(sub(Pr, EN), sub(M, -7.064))))"
844,0.8239,7,"div(add(M, add(EN, E)), 2.909)"
845,0.8244,7,"div(add(M, add(E, EN)), 2.907)"
846,0.8244,7,"div(add(M, add(E, EN)), 2.907)"
847,0.8244,7,"div(add(M, add(E, EN)), 2.907)"
848,0.8250,9,"mul(0.482, add(div(mul(M, EN), 5.893), E))"
849,0.8253,7,"div(add(M, add(E, EN)), 2.905)"
850,0.8255,21,"mul(0.482, add(sub(mul(0.482, add(sub(EN, -0.851), mul(0.482, add(M, E)))), -0.851), mul(0.482, add(M, E))))"
851,0.8258,7,"div(add(M, add(E, EN)), 2.903)"
852,0.8264,10,"mul(0.482, neg(sub(sub(Pr, EN), add(M, 7.527))))"
853,0.8265,11,"mul(0.482, add(add(E, div(sub(8.203, La), La)), M))"
854,0.8269,11,"mul(0.484, add(M, mul(0.484, sub(E, div(EN, -0.851)))))"
855,0.8270,12,"add(EN, div(sub(EN, M), add(mul(La, 0.737), neg(M))))"
856,0.8271,21,"mul(0.482, add(mul(0.482, add(M, E)), sub(mul(0.482, add(mul(0.482, add(M, E)), sub(EN, -0.873))), -0.873)))"
857,0.8272,13,"add(div(IE, -1.060), add(add(div(IE, -1.054), add(M, Y)), Y))"
858,0.8275,13,"add(sub(Y, -0.323), sub(add(sub(Y, -0.323), sub(M, IE)), IE))"
859,0.8275,7,"div(add(M, add(EN, E)), 3.036)"
860,0.8275,7,"div(add(M, add(EN, E)), 3.036)"
861,0.8283,9,"mul(0.482, add(add(EN, sub(EN, 4.820)), R))"
862,0.8284,7,"div(add(M, add(E, EN)), 2.897)"
863,0.8284,7,"div(add(M, add(EN, E)), 3.038)"
864,0.8289,9,"mul(0.482, add(M, add(E, add(-5.286, EN))))"
865,0.8289,7,"div(add(M, add(EN, E)), 2.895)"
866,0.8290,15,"div(add(Sm, E), add(div(Sm, mul(0.482, add(M, EN))), div(Y, IE)))"
867,0.8290,7,"div(add(E, add(M, EN)), 3.040)"
868,0.8292,7,"div(add(EN, add(M, E)), 2.895)"
869,0.8315,12,"add(EN, div(sub(EN, M), add(mul(La, 0.703), neg(M))))"
870,0.8319,5,"add(add(EN, R), -5.640)"
871,0.8319,5,"add(add(EN, R), -5.642)"
872,0.8319,5,"add(R, sub(EN, 5.648))"
873,0.8319,5,"add(-5.630, add(EN, R))"
874,0.8325,5,"sub(EN, sub(5.672, R))"
875,0.8325,5,"sub(EN, sub(5.672, R))"
876,0.8330,7,"add(1.519, add(R, add(EN, -7.203)))"
877,0.8335,5,"add(EN, add(R, -5.588))"
878,0.8338,9,"mul(0.482, add(add(EN, add(-4.681, EN)), R))"
879,0.8351,7,"div(add(M, add(E, EN)), 2.882)"
880,0.8354,7,"div(add(M, add(E, EN)), 3.055)"
881,0.8354,7,"div(add(M, add(E, EN)), 3.055)"
882,0.8354,7,"div(add(EN, add(M, E)), 3.055)"
883,0.8354,7,"div(add(M, add(E, EN)), 3.055)"
884,0.8354,7,"div(add(M, add(E, EN)), 3.055)"
885,0.8354,7,"div(add(M, add(EN, E)), 3.055)"
886,0.8354,7,"div(add(M, add(EN, E)), 3.055)"
887,0.8354,7,"div(add(M, add(E, EN)), 3.055)"
888,0.8354,7,"div(add(M, add(EN, E)), 3.055)"
889,0.8354,7,"div(add(M, add(E, EN)), 3.055)"
890,0.8354,7,"div(add(M, add(E, EN)), 3.055)"
891,0.8354,7,"div(add(M, add(E, EN)), 3.055)"
892,0.8354,7,"div(add(EN, add(M, E)), 3.055)"
893,0.8354,7,"div(add(M, add(E, EN)), 3.055)"
894,0.8354,7,"div(add(EN, add(M, E)), 3.055)"
895,0.8354,7,"div(add(M, add(EN, E)), 3.055)"
896,0.8354,7,"div(add(EN, add(M, E)), 3.055)"
897,0.8354,7,"div(add(M, add(EN, E)), 3.055)"
898,0.8354,7,"div(add(EN, add(M, E)), 3.055)"
899,0.8354,7,"div(add(M, add(EN, E)), 3.055)"
900,0.8354,7,"div(add(EN, add(M, E)), 3.055)"
901,0.8354,7,"div(add(EN, add(M, E)), 3.055)"
902,0.8354,7,"div(add(EN, add(M, E)), 3.055)"
903,0.8354,7,"div(add(M, add(EN, E)), 3.055)"
904,0.8354,7,"div(add(EN, add(M, E)), 3.055)"
905,0.8354,7,"div(add(EN, add(M, E)), 3.055)"
906,0.8354,7,"div(add(M, add(EN, E)), 3.055)"
907,0.8354,7,"div(add(M, add(EN, E)), 3.055)"
908,0.8354,7,"div(add(EN, add(M, E)), 3.055)"
909,0.8354,7,"div(add(M, add(E, EN)), 3.055)"
910,0.8354,7,"div(add(EN, add(M, E)), 3.055)"
911,0.8354,7,"div(add(M, add(E, EN)), 3.055)"
912,0.8354,7,"div(add(EN, add(M, E)), 3.055)"
913,0.8354,7,"div(add(EN, add(M, E)), 3.055)"
914,0.8354,7,"div(add(EN, add(M, E)), 3.055)"
915,0.8354,7,"div(add(M, add(EN, E)), 3.055)"
916,0.8354,7,"div(add(M, add(E, EN)), 3.055)"
917,0.8354,7,"div(add(EN, add(M, E)), 3.055)"
918,0.8354,7,"div(add(E, add(M, EN)), 3.055)"
919,0.8354,7,"div(add(E, add(M, EN)), 3.055)"
920,0.8354,7,"div(add(E, add(M, EN)), 3.055)"
921,0.8354,7,"div(add(E, add(M, EN)), 3.055)"
922,0.8356,9,"mul(div(R, add(R, La)), add(M, E))"
923,0.8356,9,"mul(div(R, add(R, La)), add(M, E))"
924,0.8356,9,"mul(div(R, add(R, La)), add(M, E))"
925,0.8356,9,"mul(div(R, add(R, La)), add(M, E))"
926,0.8365,5,"sub(add(R, EN), 5.728)"
927,0.8367,5,"add(add(EN, -5.729), R)"
928,0.8368,11,"mul(0.482, add(M, add(add(E, sub(EN, Sm)), 0.482)))"
929,0.8386,9,"mul(0.482, add(M, sub(add(EN, E), Sm)))"
930,0.8386,9,"mul(0.482, add(M, sub(E, sub(Sm, EN))))"
931,0.8386,9,"mul(0.482, add(M, sub(E, sub(Sm, EN))))"
932,0.8386,9,"mul(0.482, add(M, add(sub(EN, Sm), E)))"
933,0.8386,9,"mul(0.482, add(M, sub(E, sub(Sm, EN))))"
934,0.8388,11,"mul(0.482, add(M, neg(mul(neg(E), div(EN, Sm)))))"
935,0.8392,13,"mul(0.482, add(add(EN, div(add(EN, div(Nd, La)), La)), R))"
936,0.8392,13,"mul(0.482, add(add(div(add(div(Nd, La), EN), La), EN), R))"
937,0.8392,13,"mul(0.482, add(add(EN, div(add(EN, div(Nd, La)), La)), R))"
938,0.8392,13,"mul(0.482, add(add(div(add(div(Nd, La), EN), La), EN), R))"
939,0.8393,9,"mul(0.482, add(add(EN, R), div(Nd, La)))"
940,0.8393,9,"mul(0.482, add(add(EN, R), div(Nd, La)))"
941,0.8393,9,"mul(0.482, add(div(Nd, La), add(EN, R)))"
942,0.8393,10,"mul(0.482, add(sub(div(Nd, La), neg(R)), EN))"
943,0.8393,9,"mul(0.482, add(add(R, div(Nd, La)), EN))"
944,0.8399,10,"add(neg(mul(div(IE, mul(EN, E)), IE)), 7.376)"
945,0.8420,5,"add(EN, add(-5.510, R))"
946,0.8442,15,"add(EN, div(sub(La, 1.988), sub(mul(LAS, EN), add(R, add(R, E)))))"
947,0.8443,10,"neg(sub(div(IE, mul(EN, div(E, Y))), 7.308))"
948,0.8444,19,"add(div(La, mul(sub(8.150, R), mul(EN, add(LAS, mul(sub(M, R), add(E, Nd)))))), EN)"
949,0.8471,7,"mul(0.482, add(mul(1.208, EN), R))"
950,0.8493,13,"add(div(add(-0.755, R), sub(mul(EN, LAS), mul(R, 2.764))), EN)"
951,0.8499,7,"div(add(Nd, mul(Ce, LAS)), IE)"
952,0.8516,9,"mul(0.482, add(M, add(sub(R, La), E)))"
953,0.8517,21,"add(div(div(sub(EN, -3.574), add(Sm, E)), add(sub(IE, E), add(E, -3.239))), mul(0.482, add(M, E)))"
954,0.8533,11,"add(EN, div(Y, div(add(EN, Nd), sub(M, EN))))"
955,0.8536,7,"mul(0.482, add(M, sub(E, -0.395)))"
956,0.8536,7,"mul(0.482, add(M, add(E, 0.392)))"
957,0.8536,7,"add(mul(0.482, add(M, E)), 0.187)"
958,0.8537,7,"mul(0.482, add(M, add(0.406, E)))"
959,0.8537,7,"mul(0.482, add(M, add(0.380, E)))"
960,0.8537,7,"mul(0.482, add(M, add(0.409, E)))"
961,0.8537,7,"mul(0.482, sub(add(E, M), -0.370))"
962,0.8537,7,"mul(0.482, add(M, add(E, 0.417)))"
963,0.8537,7,"mul(0.482, add(M, add(0.417, E)))"
964,0.8537,7,"mul(0.482, add(M, add(0.418, E)))"
965,0.8538,7,"mul(0.482, add(add(M, 0.365), E))"
966,0.8538,5,"mul(0.497, add(M, E))"
967,0.8538,5,"mul(0.497, add(M, E))"
968,0.8538,5,"mul(0.497, add(M, E))"
969,0.8538,5,"mul(0.496, add(M, E))"
970,0.8538,5,"mul(0.496, add(E, M))"
971,0.8538,5,"mul(0.496, add(M, E))"
972,0.8538,5,"mul(0.496, add(M, E))"
973,0.8538,5,"mul(0.496, add(M, E))"
974,0.8538,7,"mul(0.482, add(M, add(E, 0.426)))"
975,0.8538,7,"mul(0.482, add(M, add(0.361, E)))"
976,0.8538,8,"mul(0.482, add(mul(neg(M), -1.069), E))"
977,0.8538,7,"mul(0.482, add(M, sub(E, -0.427)))"
978,0.8538,6,"mul(neg(-0.496), add(M, E))"
979,0.8538,6,"mul(neg(-0.496), add(M, E))"
980,0.8538,6,"mul(neg(-0.496), add(M, E))"
981,0.8538,6,"mul(neg(-0.496), add(M, E))"
982,0.8538,11,"neg(sub(div(mul(Y, Y), mul(E, EN)), neg(-7.230)))"
983,0.8538,5,"mul(0.497, add(M, E))"
984,0.8538,7,"mul(0.482, add(E, add(M, 0.358)))"
985,0.8538,7,"sub(0.405, div(add(E, M), -2.149))"
986,0.8538,6,"mul(neg(-0.496), add(M, E))"
987,0.8539,7,"mul(0.482, add(M, add(0.351, E)))"
988,0.8539,5,"mul(0.495, add(M, E))"
989,0.8539,5,"mul(0.495, add(M, E))"
990,0.8539,5,"mul(0.495, add(M, E))"
991,0.8539,5,"mul(0.495, add(M, E))"
992,0.8539,7,"mul(0.482, add(M, add(0.439, E)))"
993,0.8539,7,"mul(0.482, add(M, add(0.348, E)))"
994,0.8539,7,"mul(0.482, add(M, add(0.348, E)))"
995,0.8539,7,"mul(0.482, add(M, sub(E, -0.441)))"
996,0.8539,5,"mul(0.498, add(M, E))"
997,0.8540,5,"mul(0.495, add(M, E))"
998,0.8540,7,"mul(0.482, add(add(M, 0.344), E))"
999,0.8540,7,"mul(0.482, add(M, add(0.444, E)))"
1000,0.8540,7,"mul(0.482, add(add(0.342, M), E))"
1001,0.8541,7,"mul(0.482, add(M, sub(E, -0.334)))"
1002,0.8541,7,"mul(0.482, add(mul(M, 1.072), E))"
1003,0.8541,6,"mul(neg(-0.495), add(M, E))"
1004,0.8543,7,"mul(0.482, add(M, add(E, 0.461)))"
1005,0.8543,7,"mul(0.482, add(M, add(0.462, E)))"
1006,0.8543,7,"mul(0.482, add(M, add(E, 0.325)))"
1007,0.8543,7,"mul(0.482, add(M, add(E, 0.463)))"
1008,0.8543,7,"mul(0.482, add(M, add(0.323, E)))"
1009,0.8544,6,"mul(neg(-0.499), add(M, E))"
1010,0.8545,6,"mul(neg(-0.500), add(E, M))"
1011,0.8545,17,"add(EN, div(mul(div(R, Y), La), sub(mul(LAS, EN), add(add(R, Sm), E))))"
1012,0.8545,6,"mul(neg(-0.494), add(M, E))"
1013,0.8547,7,"mul(0.482, add(add(0.482, M), E))"
1014,0.8547,7,"mul(0.482, add(M, add(E, 0.482)))"
1015,0.8547,7,"mul(0.482, add(M, add(E, 0.482)))"
1016,0.8547,7,"mul(0.482, add(add(0.482, M), E))"
1017,0.8547,7,"mul(0.482, add(M, add(0.482, E)))"
1018,0.8547,7,"mul(0.482, add(add(0.482, E), M))"
1019,0.8547,7,"mul(0.482, add(M, add(E, 0.482)))"
1020,0.8547,6,"mul(neg(-0.500), add(M, E))"
1021,0.8549,5,"mul(0.500, add(M, E))"
1022,0.8549,5,"mul(0.500, add(M, E))"
1023,0.8550,5,"mul(0.493, add(M, E))"
1024,0.8550,25,"add(EN, div(R, sub(mul(LAS, EN), add(add(R, Sm), add(EN, div(R, sub(mul(LAS, EN), add(add(R, Sm), R))))))))"
1025,0.8553,5,"mul(0.493, add(M, E))"
1026,0.8556,6,"mul(neg(-0.492), add(M, E))"
1027,0.8557,5,"mul(0.501, add(M, E))"
1028,0.8558,6,"mul(neg(div(R, -5.510)), EN)"
1029,0.8560,5,"mul(0.492, add(M, E))"
1030,0.8560,13,"mul(div(Y, IE), add(0.450, mul(div(Y, IE), add(0.450, M))))"
1031,0.8562,5,"mul(0.502, add(M, E))"
1032,0.8566,6,"mul(neg(-0.502), add(M, E))"
1033,0.8567,5,"mul(0.491, add(M, E))"
1034,0.8568,6,"mul(neg(-0.491), add(M, E))"
1035,0.8572,5,"mul(0.503, add(M, E))"
1036,0.8573,25,"add(EN, div(R, sub(mul(LAS, EN), add(add(R, Sm), add(EN, div(R, sub(mul(LAS, EN), add(add(R, Sm), E))))))))"
1037,0.8573,13,"add(EN, div(E, sub(mul(LAS, EN), add(add(R, Sm), R))))"
1038,0.8580,5,"mul(0.490, add(M, E))"
1039,0.8581,7,"sub(mul(0.482, add(M, E)), -0.277)"
1040,0.8583,5,"mul(0.504, add(M, E))"
1041,0.8586,5,"mul(0.504, add(E, M))"
1042,0.8591,7,"mul(0.482, sub(M, mul(E, -1.091)))"
1043,0.8595,6,"mul(neg(-0.489), add(M, E))"
1044,0.8602,5,"mul(0.488, add(M, E))"
1045,0.8605,5,"mul(0.488, add(M, E))"
1046,0.8605,15,"mul(0.482, add(neg(sub(div(neg(La), add(E, La)), neg(neg(M)))), E))"
1047,0.8618,5,"mul(0.488, add(M, E))"
1048,0.8620,7,"add(E, div(sub(E, M), -2.335))"
1049,0.8627,5,"mul(0.487, add(M, E))"
1050,0.8630,5,"mul(0.507, add(E, M))"
1051,0.8635,5,"mul(0.487, add(M, E))"
1052,0.8651,6,"mul(neg(-0.486), add(M, E))"
1053,0.8657,5,"mul(0.486, add(M, E))"
1054,0.8659,5,"mul(0.508, add(M, E))"
1055,0.8665,5,"mul(0.508, add(M, E))"
1056,0.8669,7,"mul(Y, div(1.043, div(IE, M)))"
1057,0.8675,5,"mul(0.485, add(M, E))"
1058,0.8682,5,"mul(0.509, add(M, E))"
1059,0.8687,5,"mul(0.509, add(M, E))"
1060,0.8692,10,"mul(0.482, add(sub(div(La, LAS), neg(EN)), E))"
1061,0.8702,9,"div(mul(Y, M), add(add(IE, -0.120), -0.120))"
1062,0.8704,5,"mul(0.510, add(M, E))"
1063,0.8705,9,"mul(0.482, add(M, mul(div(E, Y), IE)))"
1064,0.8706,7,"div(mul(Y, M), add(IE, -0.221))"
1065,0.8708,5,"mul(0.483, add(M, E))"
1066,0.8740,5,"mul(0.511, add(M, E))"
1067,0.8745,5,"mul(0.482, add(M, E))"
1068,0.8745,5,"mul(0.482, add(M, E))"
1069,0.8745,5,"mul(0.482, add(M, E))"
1070,0.8745,5,"mul(0.482, add(M, E))"
1071,0.8745,5,"mul(0.482, add(M, E))"
1072,0.8745,5,"mul(0.482, add(M, E))"
1073,0.8745,5,"mul(0.482, add(M, E))"
1074,0.8745,5,"mul(0.482, add(M, E))"
1075,0.8745,5,"mul(0.482, add(M, E))"
1076,0.8745,5,"mul(0.482, add(M, E))"
1077,0.8745,5,"mul(0.482, add(M, E))"
1078,0.8745,5,"mul(0.482, add(M, E))"
1079,0.8745,5,"mul(0.482, add(M, E))"
1080,0.8745,5,"mul(0.482, add(M, E))"
1081,0.8745,5,"mul(0.482, add(M, E))"
1082,0.8745,5,"mul(0.482, add(M, E))"
1083,0.8745,5,"mul(0.482, add(M, E))"
1084,0.8745,5,"mul(0.482, add(M, E))"
1085,0.8745,5,"mul(0.482, add(M, E))"
1086,0.8745,5,"mul(0.482, add(M, E))"
1087,0.8745,5,"mul(0.482, add(M, E))"
1088,0.8745,5,"mul(0.482, add(M, E))"
1089,0.8745,5,"mul(0.482, add(M, E))"
1090,0.8745,5,"mul(0.482, add(M, E))"
1091,0.8745,5,"mul(0.482, add(M, E))"
1092,0.8745,5,"mul(0.482, add(M, E))"
1093,0.8745,5,"mul(0.482, add(M, E))"
1094,0.8745,5,"mul(0.482, add(M, E))"
1095,0.8745,5,"mul(0.482, add(M, E))"
1096,0.8745,5,"mul(0.482, add(M, E))"
1097,0.8745,5,"mul(0.482, add(M, E))"
1098,0.8745,5,"mul(0.482, add(M, E))"
1099,0.8745,5,"mul(0.482, add(M, E))"
1100,0.8745,5,"mul(0.482, add(M, E))"
1101,0.8745,5,"mul(0.482, add(M, E))"
1102,0.8745,5,"mul(0.482, add(E, M))"
1103,0.8745,5,"mul(0.482, add(M, E))"
1104,0.8745,5,"mul(0.482, add(M, E))"
1105,0.8745,5,"mul(0.482, add(E, M))"
1106,0.8745,5,"mul(0.482, add(M, E))"
1107,0.8745,5,"mul(0.482, add(M, E))"
1108,0.8745,5,"mul(0.482, add(M, E))"
1109,0.8745,5,"mul(0.482, add(M, E))"
1110,0.8745,5,"mul(0.482, add(M, E))"
1111,0.8745,5,"mul(0.482, add(M, E))"
1112,0.8745,5,"mul(0.482, add(M, E))"
1113,0.8745,5,"mul(0.482, add(M, E))"
1114,0.8745,5,"mul(0.482, add(M, E))"
1115,0.8745,5,"mul(0.482, add(M, E))"
1116,0.8745,5,"mul(0.482, add(M, E))"
1117,0.8745,5,"mul(0.482, add(M, E))"
1118,0.8745,5,"mul(0.482, add(M, E))"
1119,0.8745,5,"mul(0.482, add(M, E))"
1120,0.8745,5,"mul(0.482, add(M, E))"
1121,0.8745,5,"mul(0.482, add(M, E))"
1122,0.8745,5,"mul(0.482, add(M, E))"
1123,0.8745,5,"mul(0.482, add(M, E))"
1124,0.8745,5,"mul(0.482, add(M, E))"
1125,0.8745,5,"mul(0.482, add(M, E))"
1126,0.8745,5,"mul(0.482, add(M, E))"
1127,0.8745,5,"mul(0.482, add(E, M))"
1128,0.8745,5,"mul(0.482, add(M, E))"
1129,0.8745,5,"mul(0.482, add(M, E))"
1130,0.8745,5,"mul(0.482, add(M, E))"
1131,0.8745,5,"mul(0.482, add(M, E))"
1132,0.8745,5,"mul(0.482, add(M, E))"
1133,0.8745,5,"mul(0.482, add(M, E))"
1134,0.8745,5,"mul(0.482, add(M, E))"
1135,0.8745,5,"mul(0.482, add(M, E))"
1136,0.8745,5,"mul(0.482, add(M, E))"
1137,0.8745,5,"mul(0.482, add(E, M))"
1138,0.8745,5,"mul(0.482, add(M, E))"
1139,0.8745,5,"mul(0.482, add(M, E))"
1140,0.8745,5,"mul(0.482, add(M, E))"
1141,0.8745,5,"mul(0.482, add(M, E))"
1142,0.8745,5,"mul(0.482, add(M, E))"
1143,0.8745,5,"mul(0.482, add(M, E))"
1144,0.8745,5,"mul(0.482, add(M, E))"
1145,0.8745,5,"mul(0.482, add(M, E))"
1146,0.8745,5,"mul(0.482, add(M, E))"
1147,0.8745,5,"mul(0.482, add(M, E))"
1148,0.8745,5,"mul(0.482, add(M, E))"
1149,0.8745,5,"mul(0.482, add(M, E))"
1150,0.8745,5,"mul(0.482, add(M, E))"
1151,0.8745,5,"mul(0.482, add(M, E))"
1152,0.8745,5,"mul(0.482, add(M, E))"
1153,0.8745,5,"mul(0.482, add(M, E))"
1154,0.8745,5,"mul(0.482, add(M, E))"
1155,0.8745,5,"mul(0.482, add(M, E))"
1156,0.8745,5,"mul(0.482, add(M, E))"
1157,0.8745,5,"mul(0.482, add(M, E))"
1158,0.8745,5,"mul(0.482, add(M, E))"
1159,0.8745,5,"mul(0.482, add(M, E))"
1160,0.8745,5,"mul(0.482, add(M, E))"
1161,0.8745,5,"mul(0.482, add(M, E))"
1162,0.8745,5,"mul(0.482, add(M, E))"
1163,0.8745,5,"mul(0.482, add(M, E))"
1164,0.8745,5,"mul(0.482, add(M, E))"
1165,0.8745,5,"mul(0.482, add(M, E))"
1166,0.8745,5,"mul(0.482, add(M, E))"
1167,0.8745,5,"mul(0.482, add(M, E))"
1168,0.8745,5,"mul(0.482, add(M, E))"
1169,0.8745,5,"mul(0.482, add(M, E))"
1170,0.8745,5,"mul(0.482, add(M, E))"
1171,0.8745,5,"mul(0.482, add(M, E))"
1172,0.8745,5,"mul(0.482, add(M, E))"
1173,0.8745,5,"mul(0.482, add(M, E))"
1174,0.8745,5,"mul(0.482, add(M, E))"
1175,0.8745,5,"mul(0.482, add(M, E))"
1176,0.8745,5,"mul(0.482, add(M, E))"
1177,0.8745,5,"mul(0.482, add(M, E))"
1178,0.8745,5,"mul(0.482, add(M, E))"
1179,0.8745,5,"mul(0.482, add(M, E))"
1180,0.8745,5,"mul(0.482, add(E, M))"
1181,0.8745,5,"mul(0.482, add(M, E))"
1182,0.8745,5,"mul(0.482, add(M, E))"
1183,0.8764,7,"div(mul(Y, M), sub(IE, 0.342))"
1184,0.9019,11,"add(EN, div(R, sub(mul(LAS, EN), add(M, E))))"
1185,0.9056,5,"mul(div(M, IE), Y)"
1186,0.9056,5,"mul(div(M, IE), Y)"
1187,0.9056,5,"mul(div(M, IE), Y)"
1188,0.9056,5,"div(M, div(IE, Y))"
1189,0.9056,5,"mul(div(Y, IE), M)"
1190,0.9056,5,"div(mul(M, Y), IE)"
1191,0.9056,5,"div(M, div(IE, Y))"
1192,0.9056,5,"mul(M, div(Y, IE))"
1193,0.9056,5,"div(M, div(IE, Y))"
1194,0.9056,5,"div(M, div(IE, Y))"
1195,0.9060,6,"neg(add(-7.197, div(Y, E)))"
1196,0.9103,5,"sub(M, sub(IE, Y))"
1197,0.9633,5,"sub(add(Ce, LAS), Y)"
1198,0.9755,1,6.320
1199,0.9756,1,6.289
1200,0.9768,1,6.360
